t,plant,axis,phytomer,organ,element,Ag,An,Rd,Tr,Ts,gs
0,1,MS,1,Internode,enclosed,0,-0.462711,0.462711,0.000005,14.288647,0.05
0,1,MS,1,Internode,exposed,0,-0.465161,0.465161,0.000005,14.370849,0.05
0,1,MS,1,Lamina,exposed,0,-0.468065,0.468065,0.000005,14.467316,0.05
0,1,MS,1,Sheath,exposed,0,-0.472382,0.472382,0.000005,14.608839,0.05
0,1,MS,2,Internode,exposed,0,-0.467795,0.467795,0.000005,14.458397,0.05
0,1,MS,2,Lamina,exposed,0,-0.464923,0.464923,0.000005,14.36289,0.05
0,1,MS,2,Sheath,exposed,0,-0.470457,0.470457,0.000005,14.546,0.05
0,1,MS,3,Internode,exposed,0,-0.466204,0.466204,0.000005,14.405605,0.05
0,1,MS,3,Lamina,exposed,0,-0.462164,0.462164,0.000005,14.270216,0.05
0,1,MS,3,Sheath,exposed,0,-0.471795,0.471795,0.000005,14.589742,0.05
0,1,MS,4,Peduncle,enclosed,0,-0.468092,0.468092,0.000005,14.468201,0.05
0,1,MS,4,Peduncle,exposed,0,-0.46492,0.46492,0.000005,14.362802,0.05
0,1,MS,5,Chaff,exposed,0,-0.470683,0.470683,0.000005,14.553406,0.05
1,1,MS,1,Internode,enclosed,0,-0.462711,0.462711,0.000005,14.288647,0.05
1,1,MS,1,Internode,exposed,0,-0.465161,0.465161,0.000005,14.370849,0.05
1,1,MS,1,Lamina,exposed,0,-0.468065,0.468065,0.000005,14.467316,0.05
1,1,MS,1,Sheath,exposed,0,-0.472382,0.472382,0.000005,14.608839,0.05
1,1,MS,2,Internode,exposed,0,-0.467795,0.467795,0.000005,14.458397,0.05
1,1,MS,2,Lamina,exposed,0,-0.464923,0.464923,0.000005,14.36289,0.05
1,1,MS,2,Sheath,exposed,0,-0.470457,0.470457,0.000005,14.546,0.05
1,1,MS,3,Internode,exposed,0,-0.466204,0.466204,0.000005,14.405605,0.05
1,1,MS,3,Lamina,exposed,0,-0.462164,0.462164,0.000005,14.270216,0.05
1,1,MS,3,Sheath,exposed,0,-0.471795,0.471795,0.000005,14.589742,0.05
1,1,MS,4,Peduncle,enclosed,0,-0.468092,0.468092,0.000005,14.468201,0.05
1,1,MS,4,Peduncle,exposed,0,-0.46492,0.46492,0.000005,14.362802,0.05
1,1,MS,5,Chaff,exposed,0,-0.470683,0.470683,0.000005,14.553406,0.05
2,1,MS,1,Internode,enclosed,0,-0.462711,0.462711,0.000005,14.288647,0.05
2,1,MS,1,Internode,exposed,0,-0.465161,0.465161,0.000005,14.370849,0.05
2,1,MS,1,Lamina,exposed,0,-0.468065,0.468065,0.000005,14.467316,0.05
2,1,MS,1,Sheath,exposed,0,-0.472382,0.472382,0.000005,14.608839,0.05
2,1,MS,2,Internode,exposed,0,-0.467795,0.467795,0.000005,14.458397,0.05
2,1,MS,2,Lamina,exposed,0,-0.464923,0.464923,0.000005,14.36289,0.05
2,1,MS,2,Sheath,exposed,0,-0.470457,0.470457,0.000005,14.546,0.05
2,1,MS,3,Internode,exposed,0,-0.466204,0.466204,0.000005,14.405605,0.05
2,1,MS,3,Lamina,exposed,0,-0.462164,0.462164,0.000005,14.270216,0.05
2,1,MS,3,Sheath,exposed,0,-0.471795,0.471795,0.000005,14.589742,0.05
2,1,MS,4,Peduncle,enclosed,0,-0.468092,0.468092,0.000005,14.468201,0.05
2,1,MS,4,Peduncle,exposed,0,-0.46492,0.46492,0.000005,14.362802,0.05
2,1,MS,5,Chaff,exposed,0,-0.470683,0.470683,0.000005,14.553406,0.05
3,1,MS,1,Internode,enclosed,0,-0.156242,0.156242,0.000002,10.132857,0.05
3,1,MS,1,Internode,exposed,0,-0.915318,0.915318,0.000002,10.24063,0.05
3,1,MS,1,Lamina,exposed,0,-0.332706,0.332706,0.000002,10.33775,0.05
3,1,MS,1,Sheath,exposed,0,-0.818099,0.818099,0.000002,10.552217,0.05
3,1,MS,2,Internode,exposed,0,-0.377929,0.377929,0.000002,10.355318,0.05
3,1,MS,2,Lamina,exposed,0,-0.191704,0.191704,0.000002,10.194253,0.05
3,1,MS,2,Sheath,exposed,0,-0.345155,0.345155,0.000002,10.469996,0.05
3,1,MS,3,Internode,exposed,0,-0.449642,0.449642,0.000002,10.28617,0.05
3,1,MS,3,Lamina,exposed,0,-0.12423,0.12423,0.000001,10.066841,0.05
3,1,MS,3,Sheath,exposed,0,-0.147588,0.147588,0.000002,10.527234,0.05
3,1,MS,4,Peduncle,enclosed,0,-0.160418,0.160418,0.000002,10.368155,0.05
3,1,MS,4,Peduncle,exposed,0,-0.657659,0.657659,0.000002,10.230083,0.05
3,1,MS,5,Chaff,exposed,0,-1.238763,1.238763,0.000002,10.479688,0.05
4,1,MS,1,Internode,enclosed,0,-0.156242,0.156242,0.000002,10.132857,0.05
4,1,MS,1,Internode,exposed,0,-0.915318,0.915318,0.000002,10.24063,0.05
4,1,MS,1,Lamina,exposed,0,-0.332706,0.332706,0.000002,10.33775,0.05
4,1,MS,1,Sheath,exposed,0,-0.818099,0.818099,0.000002,10.552217,0.05
4,1,MS,2,Internode,exposed,0,-0.377929,0.377929,0.000002,10.355318,0.05
4,1,MS,2,Lamina,exposed,0,-0.191704,0.191704,0.000002,10.194253,0.05
4,1,MS,2,Sheath,exposed,0,-0.345155,0.345155,0.000002,10.469996,0.05
4,1,MS,3,Internode,exposed,0,-0.449642,0.449642,0.000002,10.28617,0.05
4,1,MS,3,Lamina,exposed,0,-0.12423,0.12423,0.000001,10.066841,0.05
4,1,MS,3,Sheath,exposed,0,-0.147588,0.147588,0.000002,10.527234,0.05
4,1,MS,4,Peduncle,enclosed,0,-0.160418,0.160418,0.000002,10.368155,0.05
4,1,MS,4,Peduncle,exposed,0,-0.657659,0.657659,0.000002,10.230083,0.05
4,1,MS,5,Chaff,exposed,0,-1.238763,1.238763,0.000002,10.479688,0.05
5,1,MS,1,Internode,enclosed,0,-0.172896,0.172896,0.000001,11.893701,0.05
5,1,MS,1,Internode,exposed,0,-1.025774,1.025774,0.000001,11.981506,0.05
5,1,MS,1,Lamina,exposed,0,-0.371896,0.371896,0.000001,12.064613,0.05
5,1,MS,1,Sheath,exposed,0,-0.910787,0.910787,0.000001,12.234443,0.05
5,1,MS,2,Internode,exposed,0,-0.410365,0.410365,0.000001,12.074766,0.05
5,1,MS,2,Lamina,exposed,0,-0.215193,0.215193,0.000001,11.948816,0.05
5,1,MS,2,Sheath,exposed,0,-0.38408,0.38408,0.000001,12.167834,0.05
5,1,MS,3,Internode,exposed,0,-0.486684,0.486684,0.000001,12.01856,0.05
5,1,MS,3,Lamina,exposed,0,-0.139976,0.139976,0.000001,11.845759,0.05
5,1,MS,3,Sheath,exposed,0,-0.164015,0.164015,0.000001,12.214214,0.05
5,1,MS,4,Peduncle,enclosed,0,-0.177074,0.177074,0.000001,12.085194,0.05
5,1,MS,4,Peduncle,exposed,0,-0.736149,0.736149,0.000001,11.97292,0.05
5,1,MS,5,Chaff,exposed,0,-1.375718,1.375718,0.000001,12.175691,0.05
6,1,MS,1,Internode,enclosed,0,-0.172896,0.172896,0.000001,11.893701,0.05
6,1,MS,1,Internode,exposed,0,-1.025774,1.025774,0.000001,11.981506,0.05
6,1,MS,1,Lamina,exposed,0,-0.371896,0.371896,0.000001,12.064613,0.05
6,1,MS,1,Sheath,exposed,0,-0.910787,0.910787,0.000001,12.234443,0.05
6,1,MS,2,Internode,exposed,0,-0.410365,0.410365,0.000001,12.074766,0.05
6,1,MS,2,Lamina,exposed,0,-0.215193,0.215193,0.000001,11.948816,0.05
6,1,MS,2,Sheath,exposed,0,-0.38408,0.38408,0.000001,12.167834,0.05
6,1,MS,3,Internode,exposed,0,-0.486684,0.486684,0.000001,12.01856,0.05
6,1,MS,3,Lamina,exposed,0,-0.139976,0.139976,0.000001,11.845759,0.05
6,1,MS,3,Sheath,exposed,0,-0.164015,0.164015,0.000001,12.214214,0.05
6,1,MS,4,Peduncle,enclosed,0,-0.177074,0.177074,0.000001,12.085194,0.05
6,1,MS,4,Peduncle,exposed,0,-0.736149,0.736149,0.000001,11.97292,0.05
6,1,MS,5,Chaff,exposed,0,-1.375718,1.375718,0.000001,12.175691,0.05
7,1,MS,1,Internode,enclosed,0,-0.220935,0.220935,0.000007,15.613175,0.05
7,1,MS,1,Internode,exposed,0.428351,-0.703737,1.132088,0.000008,15.768135,0.055303
7,1,MS,1,Lamina,exposed,3.632983,3.459129,0.173854,0.000016,16.067529,0.127298
7,1,MS,1,Sheath,exposed,1.330044,0.58012,0.749924,0.00001,16.200735,0.06773
7,1,MS,2,Internode,exposed,0.06036,-0.447123,0.507483,0.000008,15.915566,0.051224
7,1,MS,2,Lamina,exposed,0.820917,0.642839,0.178078,0.00001,15.645557,0.072821
7,1,MS,2,Sheath,exposed,0.177264,-0.277427,0.454691,0.000008,16.068059,0.053707
7,1,MS,3,Internode,exposed,0,-0.617149,0.617149,0.000008,15.822991,0.05
7,1,MS,3,Lamina,exposed,0.246246,0.091243,0.155003,0.000008,15.493566,0.058371
7,1,MS,3,Sheath,exposed,0.050279,-0.156348,0.206627,0.000008,16.147827,0.051606
7,1,MS,4,Peduncle,enclosed,0.152173,-0.055966,0.208138,0.000008,15.909341,0.054677
7,1,MS,4,Peduncle,exposed,2.400534,1.955718,0.444816,0.000012,15.858632,0.085571
7,1,MS,5,Chaff,exposed,6.988649,6.351629,0.637019,0.000016,16.405797,0.125094
8,1,MS,1,Internode,enclosed,0,-0.220935,0.220935,0.000007,15.613175,0.05
8,1,MS,1,Internode,exposed,0.428351,-0.703737,1.132088,0.000008,15.768135,0.055303
8,1,MS,1,Lamina,exposed,3.632983,3.459129,0.173854,0.000016,16.067529,0.127298
8,1,MS,1,Sheath,exposed,1.330044,0.58012,0.749924,0.00001,16.200735,0.06773
8,1,MS,2,Internode,exposed,0.06036,-0.447123,0.507483,0.000008,15.915566,0.051224
8,1,MS,2,Lamina,exposed,0.820917,0.642839,0.178078,0.00001,15.645557,0.072821
8,1,MS,2,Sheath,exposed,0.177264,-0.277427,0.454691,0.000008,16.068059,0.053707
8,1,MS,3,Internode,exposed,0,-0.617149,0.617149,0.000008,15.822991,0.05
8,1,MS,3,Lamina,exposed,0.246246,0.091243,0.155003,0.000008,15.493566,0.058371
8,1,MS,3,Sheath,exposed,0.050279,-0.156348,0.206627,0.000008,16.147827,0.051606
8,1,MS,4,Peduncle,enclosed,0.152173,-0.055966,0.208138,0.000008,15.909341,0.054677
8,1,MS,4,Peduncle,exposed,2.400534,1.955718,0.444816,0.000012,15.858632,0.085571
8,1,MS,5,Chaff,exposed,6.988649,6.351629,0.637019,0.000016,16.405797,0.125094
9,1,MS,1,Internode,enclosed,0.100934,-0.117262,0.218195,0.000008,16.46507,0.053127
9,1,MS,1,Internode,exposed,2.126074,1.392653,0.733421,0.000012,16.584143,0.076453
9,1,MS,1,Lamina,exposed,13.258363,13.079897,0.178466,0.000038,17.815973,0.335862
9,1,MS,1,Sheath,exposed,5.751701,5.32194,0.429761,0.000019,16.914207,0.127284
9,1,MS,2,Internode,exposed,0.355422,-0.100149,0.455571,0.000009,16.6847,0.057245
9,1,MS,2,Lamina,exposed,3.539812,3.43811,0.101702,0.00002,16.424427,0.148912
9,1,MS,2,Sheath,exposed,0.806101,0.453284,0.352817,0.000011,16.779318,0.066913
9,1,MS,3,Internode,exposed,0.125428,-0.47757,0.602997,0.000008,16.628229,0.052342
9,1,MS,3,Lamina,exposed,1.081631,0.975644,0.105987,0.000013,16.28542,0.086842
9,1,MS,3,Sheath,exposed,0.247462,0.056248,0.191214,0.000009,16.842086,0.05792
9,1,MS,4,Peduncle,enclosed,0.785578,0.631268,0.15431,0.000012,16.61866,0.074213
9,1,MS,4,Peduncle,exposed,10.152102,9.813424,0.338678,0.000026,17.003609,0.202179
9,1,MS,5,Chaff,exposed,27.341594,26.682359,0.659235,0.000041,18.085674,0.351468
10,1,MS,1,Internode,enclosed,0.100934,-0.117262,0.218195,0.000008,16.46507,0.053127
10,1,MS,1,Internode,exposed,2.126074,1.392653,0.733421,0.000012,16.584143,0.076453
10,1,MS,1,Lamina,exposed,13.258363,13.079897,0.178466,0.000038,17.815973,0.335862
10,1,MS,1,Sheath,exposed,5.751701,5.32194,0.429761,0.000019,16.914207,0.127284
10,1,MS,2,Internode,exposed,0.355422,-0.100149,0.455571,0.000009,16.6847,0.057245
10,1,MS,2,Lamina,exposed,3.539812,3.43811,0.101702,0.00002,16.424427,0.148912
10,1,MS,2,Sheath,exposed,0.806101,0.453284,0.352817,0.000011,16.779318,0.066913
10,1,MS,3,Internode,exposed,0.125428,-0.47757,0.602997,0.000008,16.628229,0.052342
10,1,MS,3,Lamina,exposed,1.081631,0.975644,0.105987,0.000013,16.28542,0.086842
10,1,MS,3,Sheath,exposed,0.247462,0.056248,0.191214,0.000009,16.842086,0.05792
10,1,MS,4,Peduncle,enclosed,0.785578,0.631268,0.15431,0.000012,16.61866,0.074213
10,1,MS,4,Peduncle,exposed,10.152102,9.813424,0.338678,0.000026,17.003609,0.202179
10,1,MS,5,Chaff,exposed,27.341594,26.682359,0.659235,0.000041,18.085674,0.351468
11,1,MS,1,Internode,enclosed,0.102276,-0.095325,0.197601,0.000004,15.022887,0.053692
11,1,MS,1,Internode,exposed,1.831144,1.111867,0.719277,0.000006,15.221706,0.0766
11,1,MS,1,Lamina,exposed,11.935915,11.76726,0.168655,0.000019,17.199575,0.349851
11,1,MS,1,Sheath,exposed,5.06767,4.663506,0.404164,0.000009,15.608336,0.129418
11,1,MS,2,Internode,exposed,0.300338,-0.121686,0.422024,0.000004,15.194257,0.057145
11,1,MS,2,Lamina,exposed,3.09725,2.999694,0.097557,0.00001,15.391066,0.150907
11,1,MS,2,Sheath,exposed,0.701834,0.368149,0.333685,0.000005,15.293357,0.067182
11,1,MS,3,Internode,exposed,0.063536,-0.495027,0.558563,0.000004,15.132536,0.051386
11,1,MS,3,Lamina,exposed,0.956015,0.853133,0.102882,0.000006,15.038908,0.087957
11,1,MS,3,Sheath,exposed,0.201218,0.02424,0.176977,0.000005,15.299972,0.057507
11,1,MS,4,Peduncle,enclosed,0.65,0.499789,0.150211,0.000006,15.20344,0.073338
11,1,MS,4,Peduncle,exposed,8.98789,8.67136,0.31653,0.000013,16.142488,0.207099
11,1,MS,5,Chaff,exposed,24.682177,24.050661,0.631516,0.00002,17.40293,0.366737
12,1,MS,1,Internode,enclosed,0.102276,-0.095325,0.197601,0.000004,15.022887,0.053692
12,1,MS,1,Internode,exposed,1.831144,1.111867,0.719277,0.000006,15.221706,0.0766
12,1,MS,1,Lamina,exposed,11.935915,11.76726,0.168655,0.000019,17.199575,0.349851
12,1,MS,1,Sheath,exposed,5.06767,4.663506,0.404164,0.000009,15.608336,0.129418
12,1,MS,2,Internode,exposed,0.300338,-0.121686,0.422024,0.000004,15.194257,0.057145
12,1,MS,2,Lamina,exposed,3.09725,2.999694,0.097557,0.00001,15.391066,0.150907
12,1,MS,2,Sheath,exposed,0.701834,0.368149,0.333685,0.000005,15.293357,0.067182
12,1,MS,3,Internode,exposed,0.063536,-0.495027,0.558563,0.000004,15.132536,0.051386
12,1,MS,3,Lamina,exposed,0.956015,0.853133,0.102882,0.000006,15.038908,0.087957
12,1,MS,3,Sheath,exposed,0.201218,0.02424,0.176977,0.000005,15.299972,0.057507
12,1,MS,4,Peduncle,enclosed,0.65,0.499789,0.150211,0.000006,15.20344,0.073338
12,1,MS,4,Peduncle,exposed,8.98789,8.67136,0.31653,0.000013,16.142488,0.207099
12,1,MS,5,Chaff,exposed,24.682177,24.050661,0.631516,0.00002,17.40293,0.366737
13,1,MS,1,Internode,enclosed,0.051094,-0.157183,0.208277,0.000003,15.37074,0.051931
13,1,MS,1,Internode,exposed,1.009044,0.100793,0.908251,0.000004,15.4958,0.065379
13,1,MS,1,Lamina,exposed,7.450681,7.290562,0.160119,0.000012,16.366338,0.245673
13,1,MS,1,Sheath,exposed,2.898042,2.394048,0.503994,0.000006,15.750115,0.097547
13,1,MS,2,Internode,exposed,0.180324,-0.275599,0.455923,0.000003,15.500345,0.054492
13,1,MS,2,Lamina,exposed,1.788883,1.665523,0.12336,0.000006,15.585641,0.111104
13,1,MS,2,Sheath,exposed,0.411188,0.025316,0.385872,0.000004,15.574711,0.060556
13,1,MS,3,Internode,exposed,0.063321,-0.506111,0.569432,0.000003,15.455164,0.051448
13,1,MS,3,Lamina,exposed,0.534705,0.405932,0.128774,0.000004,15.391834,0.07226
13,1,MS,3,Sheath,exposed,0.100782,-0.090087,0.190869,0.000003,15.584039,0.05394
13,1,MS,4,Peduncle,enclosed,0.353272,0.174284,0.178988,0.000004,15.513295,0.063275
13,1,MS,4,Peduncle,exposed,5.161434,4.833086,0.328348,0.000007,15.924507,0.144352
13,1,MS,5,Chaff,exposed,14.672706,14.081539,0.591167,0.000012,16.507388,0.245462
14,1,MS,1,Internode,enclosed,0.051094,-0.157183,0.208277,0.000003,15.37074,0.051931
14,1,MS,1,Internode,exposed,1.009044,0.100793,0.908251,0.000004,15.4958,0.065379
14,1,MS,1,Lamina,exposed,7.450681,7.290562,0.160119,0.000012,16.366338,0.245673
14,1,MS,1,Sheath,exposed,2.898042,2.394048,0.503994,0.000006,15.750115,0.097547
14,1,MS,2,Internode,exposed,0.180324,-0.275599,0.455923,0.000003,15.500345,0.054492
14,1,MS,2,Lamina,exposed,1.788883,1.665523,0.12336,0.000006,15.585641,0.111104
14,1,MS,2,Sheath,exposed,0.411188,0.025316,0.385872,0.000004,15.574711,0.060556
14,1,MS,3,Internode,exposed,0.063321,-0.506111,0.569432,0.000003,15.455164,0.051448
14,1,MS,3,Lamina,exposed,0.534705,0.405932,0.128774,0.000004,15.391834,0.07226
14,1,MS,3,Sheath,exposed,0.100782,-0.090087,0.190869,0.000003,15.584039,0.05394
14,1,MS,4,Peduncle,enclosed,0.353272,0.174284,0.178988,0.000004,15.513295,0.063275
14,1,MS,4,Peduncle,exposed,5.161434,4.833086,0.328348,0.000007,15.924507,0.144352
14,1,MS,5,Chaff,exposed,14.672706,14.081539,0.591167,0.000012,16.507388,0.245462
15,1,MS,1,Internode,enclosed,0.052011,-0.130755,0.182765,0.000002,13.392822,0.05203
15,1,MS,1,Internode,exposed,1.518066,0.823503,0.694563,0.000003,13.668719,0.074013
15,1,MS,1,Lamina,exposed,10.084302,9.926816,0.157486,0.000008,16.243057,0.325576
15,1,MS,1,Sheath,exposed,4.186074,3.799422,0.386652,0.000004,14.141725,0.121263
15,1,MS,2,Internode,exposed,0.244198,-0.145601,0.389799,0.000002,13.56041,0.05628
15,1,MS,2,Lamina,exposed,2.540444,2.446045,0.094398,0.000004,14.045668,0.140058
15,1,MS,2,Sheath,exposed,0.593836,0.281081,0.312755,0.000002,13.679447,0.065785
15,1,MS,3,Internode,exposed,0.064408,-0.435523,0.499931,0.000002,13.488756,0.051521
15,1,MS,3,Lamina,exposed,0.779474,0.679094,0.10038,0.000003,13.533871,0.083622
15,1,MS,3,Sheath,exposed,0.153422,-0.009197,0.16262,0.000002,13.647243,0.056202
15,1,MS,4,Peduncle,enclosed,0.559643,0.417506,0.142137,0.000003,13.622293,0.071724
15,1,MS,4,Peduncle,exposed,7.410129,7.120209,0.289921,0.000005,14.941446,0.190826
15,1,MS,5,Chaff,exposed,20.585585,19.998592,0.586994,0.000008,16.436098,0.336014
16,1,MS,1,Internode,enclosed,0.052011,-0.130755,0.182765,0.000002,13.392822,0.05203
16,1,MS,1,Internode,exposed,1.518066,0.823503,0.694563,0.000003,13.668719,0.074013
16,1,MS,1,Lamina,exposed,10.084302,9.926816,0.157486,0.000008,16.243057,0.325576
16,1,MS,1,Sheath,exposed,4.186074,3.799422,0.386652,0.000004,14.141725,0.121263
16,1,MS,2,Internode,exposed,0.244198,-0.145601,0.389799,0.000002,13.56041,0.05628
16,1,MS,2,Lamina,exposed,2.540444,2.446045,0.094398,0.000004,14.045668,0.140058
16,1,MS,2,Sheath,exposed,0.593836,0.281081,0.312755,0.000002,13.679447,0.065785
16,1,MS,3,Internode,exposed,0.064408,-0.435523,0.499931,0.000002,13.488756,0.051521
16,1,MS,3,Lamina,exposed,0.779474,0.679094,0.10038,0.000003,13.533871,0.083622
16,1,MS,3,Sheath,exposed,0.153422,-0.009197,0.16262,0.000002,13.647243,0.056202
16,1,MS,4,Peduncle,enclosed,0.559643,0.417506,0.142137,0.000003,13.622293,0.071724
16,1,MS,4,Peduncle,exposed,7.410129,7.120209,0.289921,0.000005,14.941446,0.190826
16,1,MS,5,Chaff,exposed,20.585585,19.998592,0.586994,0.000008,16.436098,0.336014
17,1,MS,1,Internode,enclosed,0,-0.178006,0.178006,0.000001,12.521935,0.05
17,1,MS,1,Internode,exposed,0.260807,-0.681328,0.942135,0.000001,12.603792,0.054222
17,1,MS,1,Lamina,exposed,2.164504,1.995153,0.169351,0.000003,12.961432,0.110145
17,1,MS,1,Sheath,exposed,0.727462,0.019096,0.708366,0.000002,12.786179,0.062628
17,1,MS,2,Internode,exposed,0,-0.414417,0.414417,0.000001,12.629169,0.05
17,1,MS,2,Lamina,exposed,0.477443,0.308954,0.168489,0.000002,12.648625,0.067307
17,1,MS,2,Sheath,exposed,0.060754,-0.31508,0.375834,0.000001,12.691366,0.051651
17,1,MS,3,Internode,exposed,0,-0.487055,0.487055,0.000001,12.595935,0.05
17,1,MS,3,Lamina,exposed,0.101685,-0.033125,0.13481,0.000001,12.526968,0.054487
17,1,MS,3,Sheath,exposed,0,-0.16701,0.16701,0.000001,12.711399,0.05
17,1,MS,4,Peduncle,enclosed,0.052464,-0.123804,0.176267,0.000001,12.642697,0.052076
17,1,MS,4,Peduncle,exposed,1.389745,0.934304,0.455441,0.000002,12.761435,0.07689
17,1,MS,5,Chaff,exposed,4.170807,3.581914,0.588893,0.000003,13.038091,0.108277
18,1,MS,1,Internode,enclosed,0,-0.178006,0.178006,0.000001,12.521935,0.05
18,1,MS,1,Internode,exposed,0.260807,-0.681328,0.942135,0.000001,12.603792,0.054222
18,1,MS,1,Lamina,exposed,2.164504,1.995153,0.169351,0.000003,12.961432,0.110145
18,1,MS,1,Sheath,exposed,0.727462,0.019096,0.708366,0.000002,12.786179,0.062628
18,1,MS,2,Internode,exposed,0,-0.414417,0.414417,0.000001,12.629169,0.05
18,1,MS,2,Lamina,exposed,0.477443,0.308954,0.168489,0.000002,12.648625,0.067307
18,1,MS,2,Sheath,exposed,0.060754,-0.31508,0.375834,0.000001,12.691366,0.051651
18,1,MS,3,Internode,exposed,0,-0.487055,0.487055,0.000001,12.595935,0.05
18,1,MS,3,Lamina,exposed,0.101685,-0.033125,0.13481,0.000001,12.526968,0.054487
18,1,MS,3,Sheath,exposed,0,-0.16701,0.16701,0.000001,12.711399,0.05
18,1,MS,4,Peduncle,enclosed,0.052464,-0.123804,0.176267,0.000001,12.642697,0.052076
18,1,MS,4,Peduncle,exposed,1.389745,0.934304,0.455441,0.000002,12.761435,0.07689
18,1,MS,5,Chaff,exposed,4.170807,3.581914,0.588893,0.000003,13.038091,0.108277
19,1,MS,1,Internode,enclosed,0,-0.165112,0.165112,0.000001,11.355297,0.05
19,1,MS,1,Internode,exposed,0.434621,-0.399578,0.834199,0.000001,11.673599,0.057286
19,1,MS,1,Lamina,exposed,3.401773,3.251102,0.150671,0.000001,14.186444,0.148086
19,1,MS,1,Sheath,exposed,1.203989,0.614403,0.589586,0.000001,12.283547,0.071625
19,1,MS,2,Internode,exposed,0.062572,-0.317429,0.380001,0.000001,11.599675,0.051684
19,1,MS,2,Lamina,exposed,0.788656,0.649255,0.139401,0.000001,12.075267,0.079609
19,1,MS,2,Sheath,exposed,0.122111,-0.220853,0.342963,0.000001,11.740066,0.053427
19,1,MS,3,Internode,exposed,0,-0.458193,0.458193,0.000001,11.495116,0.05
19,1,MS,3,Lamina,exposed,0.203818,0.086214,0.117604,0.000001,11.474317,0.0593
19,1,MS,3,Sheath,exposed,0.052203,-0.10061,0.152813,0.000001,11.752719,0.052222
19,1,MS,4,Peduncle,enclosed,0.157872,0.000637,0.157235,0.000001,11.688321,0.056432
19,1,MS,4,Peduncle,exposed,2.298758,1.936337,0.362421,0.000001,12.887354,0.0961
19,1,MS,5,Chaff,exposed,6.571646,6.023208,0.548438,0.000001,14.493514,0.145221
20,1,MS,1,Internode,enclosed,0,-0.165112,0.165112,0.000001,11.355297,0.05
20,1,MS,1,Internode,exposed,0.434621,-0.399578,0.834199,0.000001,11.673599,0.057286
20,1,MS,1,Lamina,exposed,3.401773,3.251102,0.150671,0.000001,14.186444,0.148086
20,1,MS,1,Sheath,exposed,1.203989,0.614403,0.589586,0.000001,12.283547,0.071625
20,1,MS,2,Internode,exposed,0.062572,-0.317429,0.380001,0.000001,11.599675,0.051684
20,1,MS,2,Lamina,exposed,0.788656,0.649255,0.139401,0.000001,12.075267,0.079609
20,1,MS,2,Sheath,exposed,0.122111,-0.220853,0.342963,0.000001,11.740066,0.053427
20,1,MS,3,Internode,exposed,0,-0.458193,0.458193,0.000001,11.495116,0.05
20,1,MS,3,Lamina,exposed,0.203818,0.086214,0.117604,0.000001,11.474317,0.0593
20,1,MS,3,Sheath,exposed,0.052203,-0.10061,0.152813,0.000001,11.752719,0.052222
20,1,MS,4,Peduncle,enclosed,0.157872,0.000637,0.157235,0.000001,11.688321,0.056432
20,1,MS,4,Peduncle,exposed,2.298758,1.936337,0.362421,0.000001,12.887354,0.0961
20,1,MS,5,Chaff,exposed,6.571646,6.023208,0.548438,0.000001,14.493514,0.145221
21,1,MS,1,Internode,enclosed,0,-0.172992,0.172992,0.000001,11.891092,0.05
21,1,MS,1,Internode,exposed,0,-0.976301,0.976301,0.000001,11.959326,0.05
21,1,MS,1,Lamina,exposed,0,-0.351086,0.351086,0.000001,12.027618,0.05
21,1,MS,1,Sheath,exposed,0,-0.872923,0.872923,0.000001,12.154792,0.05
21,1,MS,2,Internode,exposed,0,-0.406209,0.406209,0.000001,12.031589,0.05
21,1,MS,2,Lamina,exposed,0,-0.20538,0.20538,0.000001,11.93875,0.05
21,1,MS,2,Sheath,exposed,0,-0.371758,0.371758,0.000001,12.103479,0.05
21,1,MS,3,Internode,exposed,0,-0.476737,0.476737,0.000001,11.988063,0.05
21,1,MS,3,Lamina,exposed,0,-0.135991,0.135991,0.000001,11.859378,0.05
21,1,MS,3,Sheath,exposed,0,-0.161668,0.161668,0.000001,12.139221,0.05
21,1,MS,4,Peduncle,enclosed,0,-0.176623,0.176623,0.000001,12.039655,0.05
21,1,MS,4,Peduncle,exposed,0,-0.700243,0.700243,0.000001,11.952662,0.05
21,1,MS,5,Chaff,exposed,0,-1.313788,1.313788,0.000001,12.109538,0.05
22,1,MS,1,Internode,enclosed,0,-0.172992,0.172992,0.000001,11.891092,0.05
22,1,MS,1,Internode,exposed,0,-0.976301,0.976301,0.000001,11.959326,0.05
22,1,MS,1,Lamina,exposed,0,-0.351086,0.351086,0.000001,12.027618,0.05
22,1,MS,1,Sheath,exposed,0,-0.872923,0.872923,0.000001,12.154792,0.05
22,1,MS,2,Internode,exposed,0,-0.406209,0.406209,0.000001,12.031589,0.05
22,1,MS,2,Lamina,exposed,0,-0.20538,0.20538,0.000001,11.93875,0.05
22,1,MS,2,Sheath,exposed,0,-0.371758,0.371758,0.000001,12.103479,0.05
22,1,MS,3,Internode,exposed,0,-0.476737,0.476737,0.000001,11.988063,0.05
22,1,MS,3,Lamina,exposed,0,-0.135991,0.135991,0.000001,11.859378,0.05
22,1,MS,3,Sheath,exposed,0,-0.161668,0.161668,0.000001,12.139221,0.05
22,1,MS,4,Peduncle,enclosed,0,-0.176623,0.176623,0.000001,12.039655,0.05
22,1,MS,4,Peduncle,exposed,0,-0.700243,0.700243,0.000001,11.952662,0.05
22,1,MS,5,Chaff,exposed,0,-1.313788,1.313788,0.000001,12.109538,0.05
23,1,MS,1,Internode,enclosed,0,-0.171758,0.171758,0,11.658833,0.05
23,1,MS,1,Internode,exposed,0,-0.954684,0.954684,0,11.727138,0.05
23,1,MS,1,Lamina,exposed,0,-0.342486,0.342486,0,11.793432,0.05
23,1,MS,1,Sheath,exposed,0,-0.856329,0.856329,0,11.922299,0.05
23,1,MS,2,Internode,exposed,0,-0.405088,0.405088,0,11.799377,0.05
23,1,MS,2,Lamina,exposed,0,-0.200712,0.200712,0,11.704098,0.05
23,1,MS,2,Sheath,exposed,0,-0.365867,0.365867,0,11.871141,0.05
23,1,MS,3,Internode,exposed,0,-0.475312,0.475312,0,11.755878,0.05
23,1,MS,3,Lamina,exposed,0,-0.133312,0.133312,0,11.624184,0.05
23,1,MS,3,Sheath,exposed,0,-0.159975,0.159975,0,11.906779,0.05
23,1,MS,4,Peduncle,enclosed,0,-0.175231,0.175231,0,11.807434,0.05
23,1,MS,4,Peduncle,exposed,0,-0.684567,0.684567,0,11.720471,0.05
23,1,MS,5,Chaff,exposed,0,-1.287874,1.287874,0,11.877184,0.05
24,1,MS,1,Internode,enclosed,0,-0.171758,0.171758,0,11.658833,0.05
24,1,MS,1,Internode,exposed,0,-0.954684,0.954684,0,11.727138,0.05
24,1,MS,1,Lamina,exposed,0,-0.342486,0.342486,0,11.793432,0.05
24,1,MS,1,Sheath,exposed,0,-0.856329,0.856329,0,11.922299,0.05
24,1,MS,2,Internode,exposed,0,-0.405088,0.405088,0,11.799377,0.05
24,1,MS,2,Lamina,exposed,0,-0.200712,0.200712,0,11.704098,0.05
24,1,MS,2,Sheath,exposed,0,-0.365867,0.365867,0,11.871141,0.05
24,1,MS,3,Internode,exposed,0,-0.475312,0.475312,0,11.755878,0.05
24,1,MS,3,Lamina,exposed,0,-0.133312,0.133312,0,11.624184,0.05
24,1,MS,3,Sheath,exposed,0,-0.159975,0.159975,0,11.906779,0.05
24,1,MS,4,Peduncle,enclosed,0,-0.175231,0.175231,0,11.807434,0.05
24,1,MS,4,Peduncle,exposed,0,-0.684567,0.684567,0,11.720471,0.05
24,1,MS,5,Chaff,exposed,0,-1.287874,1.287874,0,11.877184,0.05
25,1,MS,1,Internode,enclosed,0,-0.176366,0.176366,0.000001,11.904288,0.05
25,1,MS,1,Internode,exposed,0,-0.963725,0.963725,0.000001,11.961655,0.05
25,1,MS,1,Lamina,exposed,0,-0.344868,0.344868,0.000001,12.02274,0.05
25,1,MS,1,Sheath,exposed,0,-0.864659,0.864659,0.000001,12.125808,0.05
25,1,MS,2,Internode,exposed,0,-0.417052,0.417052,0.000001,12.022374,0.05
25,1,MS,2,Lamina,exposed,0,-0.202708,0.202708,0.000001,11.94894,0.05
25,1,MS,2,Sheath,exposed,0,-0.370914,0.370914,0.000001,12.082742,0.05
25,1,MS,3,Internode,exposed,0,-0.489724,0.489724,0.000001,11.985806,0.05
25,1,MS,3,Lamina,exposed,0,-0.135213,0.135213,0.000001,11.882977,0.05
25,1,MS,3,Sheath,exposed,0,-0.163005,0.163005,0.000001,12.112742,0.05
25,1,MS,4,Peduncle,enclosed,0,-0.179314,0.179314,0.000001,12.029149,0.05
25,1,MS,4,Peduncle,exposed,0,-0.691054,0.691054,0.000001,11.956054,0.05
25,1,MS,5,Chaff,exposed,0,-1.300417,1.300417,0.000001,12.087828,0.05
26,1,MS,1,Internode,enclosed,0,-0.176366,0.176366,0.000001,11.904288,0.05
26,1,MS,1,Internode,exposed,0,-0.963725,0.963725,0.000001,11.961655,0.05
26,1,MS,1,Lamina,exposed,0,-0.344868,0.344868,0.000001,12.02274,0.05
26,1,MS,1,Sheath,exposed,0,-0.864659,0.864659,0.000001,12.125808,0.05
26,1,MS,2,Internode,exposed,0,-0.417052,0.417052,0.000001,12.022374,0.05
26,1,MS,2,Lamina,exposed,0,-0.202708,0.202708,0.000001,11.94894,0.05
26,1,MS,2,Sheath,exposed,0,-0.370914,0.370914,0.000001,12.082742,0.05
26,1,MS,3,Internode,exposed,0,-0.489724,0.489724,0.000001,11.985806,0.05
26,1,MS,3,Lamina,exposed,0,-0.135213,0.135213,0.000001,11.882977,0.05
26,1,MS,3,Sheath,exposed,0,-0.163005,0.163005,0.000001,12.112742,0.05
26,1,MS,4,Peduncle,enclosed,0,-0.179314,0.179314,0.000001,12.029149,0.05
26,1,MS,4,Peduncle,exposed,0,-0.691054,0.691054,0.000001,11.956054,0.05
26,1,MS,5,Chaff,exposed,0,-1.300417,1.300417,0.000001,12.087828,0.05
27,1,MS,1,Internode,enclosed,0,-0.174881,0.174881,0,11.641689,0.05
27,1,MS,1,Internode,exposed,0,-0.938979,0.938979,0,11.684221,0.05
27,1,MS,1,Lamina,exposed,0,-0.335241,0.335241,0,11.733376,0.05
27,1,MS,1,Sheath,exposed,0,-0.842611,0.842611,0,11.805595,0.05
27,1,MS,2,Internode,exposed,0,-0.414795,0.414795,0,11.729174,0.05
27,1,MS,2,Lamina,exposed,0,-0.197583,0.197583,0,11.679672,0.05
27,1,MS,2,Sheath,exposed,0,-0.362979,0.362979,0,11.773801,0.05
27,1,MS,3,Internode,exposed,0,-0.487566,0.487566,0,11.70211,0.05
27,1,MS,3,Lamina,exposed,0,-0.13232,0.13232,0,11.631589,0.05
27,1,MS,3,Sheath,exposed,0,-0.160343,0.160343,0,11.795952,0.05
27,1,MS,4,Peduncle,enclosed,0,-0.177172,0.177172,0,11.734186,0.05
27,1,MS,4,Peduncle,exposed,0,-0.67339,0.67339,0,11.680071,0.05
27,1,MS,5,Chaff,exposed,0,-1.267486,1.267486,0,11.777558,0.05
28,1,MS,1,Internode,enclosed,0,-0.174881,0.174881,0,11.641689,0.05
28,1,MS,1,Internode,exposed,0,-0.938979,0.938979,0,11.684221,0.05
28,1,MS,1,Lamina,exposed,0,-0.335241,0.335241,0,11.733376,0.05
28,1,MS,1,Sheath,exposed,0,-0.842611,0.842611,0,11.805595,0.05
28,1,MS,2,Internode,exposed,0,-0.414795,0.414795,0,11.729174,0.05
28,1,MS,2,Lamina,exposed,0,-0.197583,0.197583,0,11.679672,0.05
28,1,MS,2,Sheath,exposed,0,-0.362979,0.362979,0,11.773801,0.05
28,1,MS,3,Internode,exposed,0,-0.487566,0.487566,0,11.70211,0.05
28,1,MS,3,Lamina,exposed,0,-0.13232,0.13232,0,11.631589,0.05
28,1,MS,3,Sheath,exposed,0,-0.160343,0.160343,0,11.795952,0.05
28,1,MS,4,Peduncle,enclosed,0,-0.177172,0.177172,0,11.734186,0.05
28,1,MS,4,Peduncle,exposed,0,-0.67339,0.67339,0,11.680071,0.05
28,1,MS,5,Chaff,exposed,0,-1.267486,1.267486,0,11.777558,0.05
29,1,MS,1,Internode,enclosed,0,-0.157045,0.157045,0,9.973219,0.05
29,1,MS,1,Internode,exposed,0,-0.83203,0.83203,0,10.06151,0.05
29,1,MS,1,Lamina,exposed,0,-0.297336,0.297336,0,10.138466,0.05
29,1,MS,1,Sheath,exposed,0,-0.756393,0.756393,0,10.313539,0.05
29,1,MS,2,Internode,exposed,0,-0.377192,0.377192,0,10.154843,0.05
29,1,MS,2,Lamina,exposed,0,-0.174605,0.174605,0,10.020953,0.05
29,1,MS,2,Sheath,exposed,0,-0.326141,0.326141,0,10.247512,0.05
29,1,MS,3,Internode,exposed,0,-0.442643,0.442643,0,10.098649,0.05
29,1,MS,3,Lamina,exposed,0,-0.116725,0.116725,0,9.915778,0.05
29,1,MS,3,Sheath,exposed,0,-0.145163,0.145163,0,10.293514,0.05
29,1,MS,4,Peduncle,enclosed,0,-0.160076,0.160076,0,10.16525,0.05
29,1,MS,4,Peduncle,exposed,0,-0.596549,0.596549,0,10.052894,0.05
29,1,MS,5,Chaff,exposed,0,-1.134739,1.134739,0,10.255313,0.05
30,1,MS,1,Internode,enclosed,0,-0.157045,0.157045,0,9.973219,0.05
30,1,MS,1,Internode,exposed,0,-0.83203,0.83203,0,10.06151,0.05
30,1,MS,1,Lamina,exposed,0,-0.297336,0.297336,0,10.138466,0.05
30,1,MS,1,Sheath,exposed,0,-0.756393,0.756393,0,10.313539,0.05
30,1,MS,2,Internode,exposed,0,-0.377192,0.377192,0,10.154843,0.05
30,1,MS,2,Lamina,exposed,0,-0.174605,0.174605,0,10.020953,0.05
30,1,MS,2,Sheath,exposed,0,-0.326141,0.326141,0,10.247512,0.05
30,1,MS,3,Internode,exposed,0,-0.442643,0.442643,0,10.098649,0.05
30,1,MS,3,Lamina,exposed,0,-0.116725,0.116725,0,9.915778,0.05
30,1,MS,3,Sheath,exposed,0,-0.145163,0.145163,0,10.293514,0.05
30,1,MS,4,Peduncle,enclosed,0,-0.160076,0.160076,0,10.16525,0.05
30,1,MS,4,Peduncle,exposed,0,-0.596549,0.596549,0,10.052894,0.05
30,1,MS,5,Chaff,exposed,0,-1.134739,1.134739,0,10.255313,0.05
31,1,MS,1,Internode,enclosed,0,-0.180986,0.180986,0,11.920792,0.05
31,1,MS,1,Internode,exposed,0.171304,-0.72072,0.892024,0,12.039217,0.053021
31,1,MS,1,Lamina,exposed,1.86478,1.695521,0.169259,0,12.866789,0.106771
31,1,MS,1,Sheath,exposed,0.642642,-0.044466,0.687108,0,12.336151,0.062029
31,1,MS,2,Internode,exposed,0,-0.436561,0.436561,0,12.05378,0.05
31,1,MS,2,Lamina,exposed,0.423341,0.264001,0.159339,0,12.184621,0.066721
31,1,MS,2,Sheath,exposed,0.060958,-0.299043,0.360001,0,12.143939,0.051766
31,1,MS,3,Internode,exposed,0,-0.513474,0.513474,0,12.012655,0.05
31,1,MS,3,Lamina,exposed,0.101814,-0.023513,0.125327,0,11.948443,0.05485
31,1,MS,3,Sheath,exposed,0,-0.165242,0.165242,0,12.155178,0.05
31,1,MS,4,Peduncle,enclosed,0.053095,-0.125077,0.178171,0,12.085763,0.052182
31,1,MS,4,Peduncle,exposed,1.228346,0.784039,0.444308,0,12.439568,0.075885
31,1,MS,5,Chaff,exposed,3.663899,3.062848,0.601051,0,12.993043,0.105265
32,1,MS,1,Internode,enclosed,0,-0.180986,0.180986,0,11.920792,0.05
32,1,MS,1,Internode,exposed,0.171304,-0.72072,0.892024,0,12.039217,0.053021
32,1,MS,1,Lamina,exposed,1.86478,1.695521,0.169259,0,12.866789,0.106771
32,1,MS,1,Sheath,exposed,0.642642,-0.044466,0.687108,0,12.336151,0.062029
32,1,MS,2,Internode,exposed,0,-0.436561,0.436561,0,12.05378,0.05
32,1,MS,2,Lamina,exposed,0.423341,0.264001,0.159339,0,12.184621,0.066721
32,1,MS,2,Sheath,exposed,0.060958,-0.299043,0.360001,0,12.143939,0.051766
32,1,MS,3,Internode,exposed,0,-0.513474,0.513474,0,12.012655,0.05
32,1,MS,3,Lamina,exposed,0.101814,-0.023513,0.125327,0,11.948443,0.05485
32,1,MS,3,Sheath,exposed,0,-0.165242,0.165242,0,12.155178,0.05
32,1,MS,4,Peduncle,enclosed,0.053095,-0.125077,0.178171,0,12.085763,0.052182
32,1,MS,4,Peduncle,exposed,1.228346,0.784039,0.444308,0,12.439568,0.075885
32,1,MS,5,Chaff,exposed,3.663899,3.062848,0.601051,0,12.993043,0.105265
33,1,MS,1,Internode,enclosed,0,-0.183515,0.183515,0,12.025304,0.05
33,1,MS,1,Internode,exposed,0.423803,-0.396757,0.82056,0,12.202839,0.057504
33,1,MS,1,Lamina,exposed,3.363638,3.228794,0.134844,0,13.48595,0.15305
33,1,MS,1,Sheath,exposed,1.188282,0.606968,0.581314,0,12.524507,0.072309
33,1,MS,2,Internode,exposed,0.064087,-0.368771,0.432858,0,12.16928,0.05169
33,1,MS,2,Lamina,exposed,0.78011,0.645436,0.134673,0,12.429866,0.080965
33,1,MS,2,Sheath,exposed,0.121517,-0.229617,0.351134,0,12.249075,0.053525
33,1,MS,3,Internode,exposed,0,-0.524936,0.524936,0,12.109896,0.05
33,1,MS,3,Lamina,exposed,0.202016,0.083626,0.11839,0,12.10375,0.059663
33,1,MS,3,Sheath,exposed,0.052202,-0.109327,0.161529,0,12.259541,0.052262
33,1,MS,4,Peduncle,enclosed,0.158475,-0.011697,0.170171,0,12.218636,0.056499
33,1,MS,4,Peduncle,exposed,2.259759,1.915295,0.344464,0,12.840253,0.097859
33,1,MS,5,Chaff,exposed,6.538262,6.038655,0.499607,0,13.604699,0.149169
34,1,MS,1,Internode,enclosed,0,-0.183515,0.183515,0,12.025304,0.05
34,1,MS,1,Internode,exposed,0.423803,-0.396757,0.82056,0,12.202839,0.057504
34,1,MS,1,Lamina,exposed,3.363638,3.228794,0.134844,0,13.48595,0.15305
34,1,MS,1,Sheath,exposed,1.188282,0.606968,0.581314,0,12.524507,0.072309
34,1,MS,2,Internode,exposed,0.064087,-0.368771,0.432858,0,12.16928,0.05169
34,1,MS,2,Lamina,exposed,0.78011,0.645436,0.134673,0,12.429866,0.080965
34,1,MS,2,Sheath,exposed,0.121517,-0.229617,0.351134,0,12.249075,0.053525
34,1,MS,3,Internode,exposed,0,-0.524936,0.524936,0,12.109896,0.05
34,1,MS,3,Lamina,exposed,0.202016,0.083626,0.11839,0,12.10375,0.059663
34,1,MS,3,Sheath,exposed,0.052202,-0.109327,0.161529,0,12.259541,0.052262
34,1,MS,4,Peduncle,enclosed,0.158475,-0.011697,0.170171,0,12.218636,0.056499
34,1,MS,4,Peduncle,exposed,2.259759,1.915295,0.344464,0,12.840253,0.097859
34,1,MS,5,Chaff,exposed,6.538262,6.038655,0.499607,0,13.604699,0.149169
35,1,MS,1,Internode,enclosed,0,-0.191331,0.191331,0,12.529007,0.05
35,1,MS,1,Internode,exposed,0.587074,-0.208618,0.795692,0,12.670783,0.060437
35,1,MS,1,Lamina,exposed,4.519387,4.393032,0.126355,0,13.706724,0.189243
35,1,MS,1,Sheath,exposed,1.718661,1.206782,0.51188,0,12.916572,0.08236
35,1,MS,2,Internode,exposed,0.064111,-0.388934,0.453046,0,12.628606,0.051678
35,1,MS,2,Lamina,exposed,1.074866,0.954037,0.120829,0,12.867871,0.092856
35,1,MS,2,Sheath,exposed,0.241141,-0.099799,0.34094,0,12.705175,0.057003
35,1,MS,3,Internode,exposed,0,-0.550817,0.550817,0,12.58902,0.05
35,1,MS,3,Lamina,exposed,0.299871,0.18495,0.114921,0,12.612886,0.064398
35,1,MS,3,Sheath,exposed,0.052021,-0.114574,0.166595,0,12.69256,0.052253
35,1,MS,4,Peduncle,enclosed,0.210208,0.038827,0.171381,0,12.67113,0.058599
35,1,MS,4,Peduncle,exposed,3.055399,2.75224,0.303159,0,13.19877,0.115007
35,1,MS,5,Chaff,exposed,8.966713,8.487781,0.478932,0,13.790024,0.18668
36,1,MS,1,Internode,enclosed,0,-0.191331,0.191331,0,12.529007,0.05
36,1,MS,1,Internode,exposed,0.587074,-0.208618,0.795692,0,12.670783,0.060437
36,1,MS,1,Lamina,exposed,4.519387,4.393032,0.126355,0,13.706724,0.189243
36,1,MS,1,Sheath,exposed,1.718661,1.206782,0.51188,0,12.916572,0.08236
36,1,MS,2,Internode,exposed,0.064111,-0.388934,0.453046,0,12.628606,0.051678
36,1,MS,2,Lamina,exposed,1.074866,0.954037,0.120829,0,12.867871,0.092856
36,1,MS,2,Sheath,exposed,0.241141,-0.099799,0.34094,0,12.705175,0.057003
36,1,MS,3,Internode,exposed,0,-0.550817,0.550817,0,12.58902,0.05
36,1,MS,3,Lamina,exposed,0.299871,0.18495,0.114921,0,12.612886,0.064398
36,1,MS,3,Sheath,exposed,0.052021,-0.114574,0.166595,0,12.69256,0.052253
36,1,MS,4,Peduncle,enclosed,0.210208,0.038827,0.171381,0,12.67113,0.058599
36,1,MS,4,Peduncle,exposed,3.055399,2.75224,0.303159,0,13.19877,0.115007
36,1,MS,5,Chaff,exposed,8.966713,8.487781,0.478932,0,13.790024,0.18668
37,1,MS,1,Internode,enclosed,0,-0.220522,0.220522,0.000001,14.500018,0.05
37,1,MS,1,Internode,exposed,0.657411,-0.221576,0.878987,0.000001,14.627828,0.061261
37,1,MS,1,Lamina,exposed,5.165754,5.026496,0.139258,0.000003,15.530755,0.203545
37,1,MS,1,Sheath,exposed,1.910774,1.360969,0.549805,0.000002,14.858003,0.08462
37,1,MS,2,Internode,exposed,0.126425,-0.383674,0.510099,0.000001,14.611793,0.053155
37,1,MS,2,Lamina,exposed,1.203437,1.074588,0.128849,0.000002,14.773912,0.09625
37,1,MS,2,Sheath,exposed,0.237099,-0.1521,0.389199,0.000001,14.672847,0.056616
37,1,MS,3,Internode,exposed,0,-0.639719,0.639719,0.000001,14.564963,0.05
37,1,MS,3,Lamina,exposed,0.343147,0.216326,0.126821,0.000001,14.55995,0.065871
37,1,MS,3,Sheath,exposed,0.051145,-0.139758,0.190903,0.000001,14.672682,0.052125
37,1,MS,4,Peduncle,enclosed,0.258079,0.066575,0.191504,0.000001,14.640048,0.06011
37,1,MS,4,Peduncle,exposed,3.455091,3.13273,0.322361,0.000002,15.08178,0.120856
37,1,MS,5,Chaff,exposed,10.088739,9.554159,0.534581,0.000003,15.61979,0.198142
38,1,MS,1,Internode,enclosed,0,-0.220522,0.220522,0.000001,14.500018,0.05
38,1,MS,1,Internode,exposed,0.657411,-0.221576,0.878987,0.000001,14.627828,0.061261
38,1,MS,1,Lamina,exposed,5.165754,5.026496,0.139258,0.000003,15.530755,0.203545
38,1,MS,1,Sheath,exposed,1.910774,1.360969,0.549805,0.000002,14.858003,0.08462
38,1,MS,2,Internode,exposed,0.126425,-0.383674,0.510099,0.000001,14.611793,0.053155
38,1,MS,2,Lamina,exposed,1.203437,1.074588,0.128849,0.000002,14.773912,0.09625
38,1,MS,2,Sheath,exposed,0.237099,-0.1521,0.389199,0.000001,14.672847,0.056616
38,1,MS,3,Internode,exposed,0,-0.639719,0.639719,0.000001,14.564963,0.05
38,1,MS,3,Lamina,exposed,0.343147,0.216326,0.126821,0.000001,14.55995,0.065871
38,1,MS,3,Sheath,exposed,0.051145,-0.139758,0.190903,0.000001,14.672682,0.052125
38,1,MS,4,Peduncle,enclosed,0.258079,0.066575,0.191504,0.000001,14.640048,0.06011
38,1,MS,4,Peduncle,exposed,3.455091,3.13273,0.322361,0.000002,15.08178,0.120856
38,1,MS,5,Chaff,exposed,10.088739,9.554159,0.534581,0.000003,15.61979,0.198142
39,1,MS,1,Internode,enclosed,0.051947,-0.176863,0.22881,0.000001,15.219032,0.051993
39,1,MS,1,Internode,exposed,1.129248,0.336547,0.792702,0.000002,15.415304,0.069197
39,1,MS,1,Lamina,exposed,8.032658,7.880536,0.152121,0.000005,17.094658,0.285891
39,1,MS,1,Sheath,exposed,3.201279,2.746022,0.455258,0.000003,15.752954,0.107481
39,1,MS,2,Internode,exposed,0.189174,-0.340919,0.530093,0.000001,15.34364,0.054627
39,1,MS,2,Lamina,exposed,1.990528,1.882439,0.108089,0.000003,15.685322,0.125427
39,1,MS,2,Sheath,exposed,0.410657,0.032355,0.378302,0.000002,15.427294,0.06131
39,1,MS,3,Internode,exposed,0.066895,-0.597217,0.664112,0.000001,15.292455,0.051498
39,1,MS,3,Lamina,exposed,0.578478,0.459823,0.118655,0.000002,15.320547,0.07633
39,1,MS,3,Sheath,exposed,0.152044,-0.040178,0.192222,0.000001,15.417709,0.056203
39,1,MS,4,Peduncle,enclosed,0.408992,0.219971,0.189021,0.000002,15.389282,0.065708
39,1,MS,4,Peduncle,exposed,5.619251,5.316254,0.302997,0.000004,16.264335,0.16433
39,1,MS,5,Chaff,exposed,16.015039,15.429303,0.585736,0.000006,17.22618,0.284091
40,1,MS,1,Internode,enclosed,0.051947,-0.176863,0.22881,0.000001,15.219032,0.051993
40,1,MS,1,Internode,exposed,1.129248,0.336547,0.792702,0.000002,15.415304,0.069197
40,1,MS,1,Lamina,exposed,8.032658,7.880536,0.152121,0.000005,17.094658,0.285891
40,1,MS,1,Sheath,exposed,3.201279,2.746022,0.455258,0.000003,15.752954,0.107481
40,1,MS,2,Internode,exposed,0.189174,-0.340919,0.530093,0.000001,15.34364,0.054627
40,1,MS,2,Lamina,exposed,1.990528,1.882439,0.108089,0.000003,15.685322,0.125427
40,1,MS,2,Sheath,exposed,0.410657,0.032355,0.378302,0.000002,15.427294,0.06131
40,1,MS,3,Internode,exposed,0.066895,-0.597217,0.664112,0.000001,15.292455,0.051498
40,1,MS,3,Lamina,exposed,0.578478,0.459823,0.118655,0.000002,15.320547,0.07633
40,1,MS,3,Sheath,exposed,0.152044,-0.040178,0.192222,0.000001,15.417709,0.056203
40,1,MS,4,Peduncle,enclosed,0.408992,0.219971,0.189021,0.000002,15.389282,0.065708
40,1,MS,4,Peduncle,exposed,5.619251,5.316254,0.302997,0.000004,16.264335,0.16433
40,1,MS,5,Chaff,exposed,16.015039,15.429303,0.585736,0.000006,17.22618,0.284091
41,1,MS,1,Internode,enclosed,0.051651,-0.191246,0.242897,0,15.9832,0.052056
41,1,MS,1,Internode,exposed,0.883217,-0.006611,0.889828,0,16.148227,0.065697
41,1,MS,1,Lamina,exposed,6.406647,6.250729,0.155919,0.000001,17.52914,0.246684
41,1,MS,1,Sheath,exposed,2.461925,1.927229,0.534696,0.000001,16.41913,0.096111
41,1,MS,2,Internode,exposed,0.126128,-0.455848,0.581977,0,16.072451,0.053189
41,1,MS,2,Lamina,exposed,1.518711,1.390963,0.127748,0.000001,16.396824,0.110175
41,1,MS,2,Sheath,exposed,0.350225,-0.057656,0.40788,0,16.150276,0.060053
41,1,MS,3,Internode,exposed,0,-0.730957,0.730957,0,16.02509,0.05
41,1,MS,3,Lamina,exposed,0.433688,0.299758,0.13393,0,16.084196,0.070625
41,1,MS,3,Sheath,exposed,0.100979,-0.107571,0.20855,0,16.129402,0.054283
41,1,MS,4,Peduncle,enclosed,0.306252,0.095073,0.211178,0,16.120108,0.062212
41,1,MS,4,Peduncle,exposed,4.342619,4.011978,0.330642,0.000001,16.857027,0.142255
41,1,MS,5,Chaff,exposed,12.564,11.962841,0.601159,0.000001,17.611157,0.241031
42,1,MS,1,Internode,enclosed,0.051651,-0.191246,0.242897,0,15.9832,0.052056
42,1,MS,1,Internode,exposed,0.883217,-0.006611,0.889828,0,16.148227,0.065697
42,1,MS,1,Lamina,exposed,6.406647,6.250729,0.155919,0.000001,17.52914,0.246684
42,1,MS,1,Sheath,exposed,2.461925,1.927229,0.534696,0.000001,16.41913,0.096111
42,1,MS,2,Internode,exposed,0.126128,-0.455848,0.581977,0,16.072451,0.053189
42,1,MS,2,Lamina,exposed,1.518711,1.390963,0.127748,0.000001,16.396824,0.110175
42,1,MS,2,Sheath,exposed,0.350225,-0.057656,0.40788,0,16.150276,0.060053
42,1,MS,3,Internode,exposed,0,-0.730957,0.730957,0,16.02509,0.05
42,1,MS,3,Lamina,exposed,0.433688,0.299758,0.13393,0,16.084196,0.070625
42,1,MS,3,Sheath,exposed,0.100979,-0.107571,0.20855,0,16.129402,0.054283
42,1,MS,4,Peduncle,enclosed,0.306252,0.095073,0.211178,0,16.120108,0.062212
42,1,MS,4,Peduncle,exposed,4.342619,4.011978,0.330642,0.000001,16.857027,0.142255
42,1,MS,5,Chaff,exposed,12.564,11.962841,0.601159,0.000001,17.611157,0.241031
43,1,MS,1,Internode,enclosed,0,-0.243595,0.243595,0,15.373227,0.05
43,1,MS,1,Internode,exposed,0.163856,-0.92627,1.090127,0.000001,15.500439,0.05289
43,1,MS,1,Lamina,exposed,1.53552,1.313667,0.221853,0.000001,16.24493,0.096627
43,1,MS,1,Sheath,exposed,0.543088,-0.334784,0.877872,0.000001,15.800903,0.060063
43,1,MS,2,Internode,exposed,0,-0.607258,0.607258,0,15.518662,0.05
43,1,MS,2,Lamina,exposed,0.358597,0.157687,0.20091,0.000001,15.615536,0.0641
43,1,MS,2,Sheath,exposed,0.059177,-0.397411,0.456588,0.000001,15.616395,0.051681
43,1,MS,3,Internode,exposed,0,-0.71882,0.71882,0,15.473604,0.05
43,1,MS,3,Lamina,exposed,0.098514,-0.057023,0.155537,0.000001,15.394999,0.054649
43,1,MS,3,Sheath,exposed,0,-0.215865,0.215865,0.000001,15.6301,0.05
43,1,MS,4,Peduncle,enclosed,0.051891,-0.185937,0.237828,0.000001,15.55176,0.05204
43,1,MS,4,Peduncle,exposed,0.97383,0.392779,0.581051,0.000001,15.837813,0.070467
43,1,MS,5,Chaff,exposed,2.995143,2.193641,0.801502,0.000001,16.387017,0.094688
44,1,MS,1,Internode,enclosed,0,-0.243595,0.243595,0,15.373227,0.05
44,1,MS,1,Internode,exposed,0.163856,-0.92627,1.090127,0.000001,15.500439,0.05289
44,1,MS,1,Lamina,exposed,1.53552,1.313667,0.221853,0.000001,16.24493,0.096627
44,1,MS,1,Sheath,exposed,0.543088,-0.334784,0.877872,0.000001,15.800903,0.060063
44,1,MS,2,Internode,exposed,0,-0.607258,0.607258,0,15.518662,0.05
44,1,MS,2,Lamina,exposed,0.358597,0.157687,0.20091,0.000001,15.615536,0.0641
44,1,MS,2,Sheath,exposed,0.059177,-0.397411,0.456588,0.000001,15.616395,0.051681
44,1,MS,3,Internode,exposed,0,-0.71882,0.71882,0,15.473604,0.05
44,1,MS,3,Lamina,exposed,0.098514,-0.057023,0.155537,0.000001,15.394999,0.054649
44,1,MS,3,Sheath,exposed,0,-0.215865,0.215865,0.000001,15.6301,0.05
44,1,MS,4,Peduncle,enclosed,0.051891,-0.185937,0.237828,0.000001,15.55176,0.05204
44,1,MS,4,Peduncle,exposed,0.97383,0.392779,0.581051,0.000001,15.837813,0.070467
44,1,MS,5,Chaff,exposed,2.995143,2.193641,0.801502,0.000001,16.387017,0.094688
45,1,MS,1,Internode,enclosed,0,-0.213104,0.213104,0,13.285475,0.05
45,1,MS,1,Internode,exposed,0,-0.990855,0.990855,0,13.324706,0.05
45,1,MS,1,Lamina,exposed,0.23207,-0.081261,0.313331,0.000001,13.406123,0.057069
45,1,MS,1,Sheath,exposed,0.079876,-0.806649,0.886525,0,13.443837,0.051482
45,1,MS,2,Internode,exposed,0,-0.532305,0.532305,0,13.366172,0.05
45,1,MS,2,Lamina,exposed,0.052882,-0.1499,0.202782,0,13.331391,0.052086
45,1,MS,2,Sheath,exposed,0,-0.404848,0.404848,0,13.407338,0.05
45,1,MS,3,Internode,exposed,0,-0.631604,0.631604,0,13.341207,0.05
45,1,MS,3,Lamina,exposed,0,-0.142086,0.142086,0,13.277228,0.05
45,1,MS,3,Sheath,exposed,0,-0.186855,0.186855,0,13.427772,0.05
45,1,MS,4,Peduncle,enclosed,0,-0.213017,0.213017,0,13.370795,0.05
45,1,MS,4,Peduncle,exposed,0.144564,-0.528004,0.672568,0,13.341617,0.053045
45,1,MS,5,Chaff,exposed,0.484919,-0.702292,1.187211,0.000001,13.450359,0.057227
46,1,MS,1,Internode,enclosed,0,-0.213104,0.213104,0,13.285475,0.05
46,1,MS,1,Internode,exposed,0,-0.990855,0.990855,0,13.324706,0.05
46,1,MS,1,Lamina,exposed,0.23207,-0.081261,0.313331,0.000001,13.406123,0.057069
46,1,MS,1,Sheath,exposed,0.079876,-0.806649,0.886525,0,13.443837,0.051482
46,1,MS,2,Internode,exposed,0,-0.532305,0.532305,0,13.366172,0.05
46,1,MS,2,Lamina,exposed,0.052882,-0.1499,0.202782,0,13.331391,0.052086
46,1,MS,2,Sheath,exposed,0,-0.404848,0.404848,0,13.407338,0.05
46,1,MS,3,Internode,exposed,0,-0.631604,0.631604,0,13.341207,0.05
46,1,MS,3,Lamina,exposed,0,-0.142086,0.142086,0,13.277228,0.05
46,1,MS,3,Sheath,exposed,0,-0.186855,0.186855,0,13.427772,0.05
46,1,MS,4,Peduncle,enclosed,0,-0.213017,0.213017,0,13.370795,0.05
46,1,MS,4,Peduncle,exposed,0.144564,-0.528004,0.672568,0,13.341617,0.053045
46,1,MS,5,Chaff,exposed,0.484919,-0.702292,1.187211,0.000001,13.450359,0.057227
47,1,MS,1,Internode,enclosed,0,-0.199057,0.199057,0.000001,12.115957,0.05
47,1,MS,1,Internode,exposed,0,-0.909675,0.909675,0.000001,12.161865,0.05
47,1,MS,1,Lamina,exposed,0,-0.322869,0.322869,0.000001,12.216399,0.05
47,1,MS,1,Sheath,exposed,0,-0.842559,0.842559,0.000001,12.293353,0.05
47,1,MS,2,Internode,exposed,0,-0.500111,0.500111,0.000001,12.21048,0.05
47,1,MS,2,Lamina,exposed,0,-0.191744,0.191744,0.000001,12.158646,0.05
47,1,MS,2,Sheath,exposed,0,-0.374683,0.374683,0.000001,12.258839,0.05
47,1,MS,3,Internode,exposed,0,-0.594,0.594,0.000001,12.181199,0.05
47,1,MS,3,Lamina,exposed,0,-0.130724,0.130724,0.000001,12.107051,0.05
47,1,MS,3,Sheath,exposed,0,-0.174112,0.174112,0.000001,12.28288,0.05
47,1,MS,4,Peduncle,enclosed,0,-0.198788,0.198788,0.000001,12.215906,0.05
47,1,MS,4,Peduncle,exposed,0,-0.655265,0.655265,0.000001,12.157382,0.05
47,1,MS,5,Chaff,exposed,0,-1.265705,1.265705,0.000001,12.262915,0.05
48,1,MS,1,Internode,enclosed,0,-0.199057,0.199057,0.000001,12.115957,0.05
48,1,MS,1,Internode,exposed,0,-0.909675,0.909675,0.000001,12.161865,0.05
48,1,MS,1,Lamina,exposed,0,-0.322869,0.322869,0.000001,12.216399,0.05
48,1,MS,1,Sheath,exposed,0,-0.842559,0.842559,0.000001,12.293353,0.05
48,1,MS,2,Internode,exposed,0,-0.500111,0.500111,0.000001,12.21048,0.05
48,1,MS,2,Lamina,exposed,0,-0.191744,0.191744,0.000001,12.158646,0.05
48,1,MS,2,Sheath,exposed,0,-0.374683,0.374683,0.000001,12.258839,0.05
48,1,MS,3,Internode,exposed,0,-0.594,0.594,0.000001,12.181199,0.05
48,1,MS,3,Lamina,exposed,0,-0.130724,0.130724,0.000001,12.107051,0.05
48,1,MS,3,Sheath,exposed,0,-0.174112,0.174112,0.000001,12.28288,0.05
48,1,MS,4,Peduncle,enclosed,0,-0.198788,0.198788,0.000001,12.215906,0.05
48,1,MS,4,Peduncle,exposed,0,-0.655265,0.655265,0.000001,12.157382,0.05
48,1,MS,5,Chaff,exposed,0,-1.265705,1.265705,0.000001,12.262915,0.05
