t,plant,axis,metamer,organ,element,Ag,Nstruct,Tr,Ts,green_area,is_growing,mstruct,amino_acids,cytokinins,fructan,nitrates,proteins,starch,sucrose,triosesP,Photosynthesis,R_Nnit_red,R_phloem_loading,R_residual,Transpiration,sum_respi,Amino_Acids_import,D_Fructan,D_Proteins,D_Starch,D_cytokinins,Loading_Amino_Acids,Loading_Sucrose,Nitrates_import,Regul_S_Fructan,S_Fructan,S_Starch,S_Sucrose,S_Amino_Acids,S_Proteins,cytokinins_import,k_proteins,Total_Organic_Nitrogen
0,1,MS,1,blade,LeafElement1,0.0,0.00054000000000000001,0.18726384300000001,18.789502330000001,0.00029428400000000002,False,0.018000000000000002,0.40000000000000002,2.7000000000000002,0,0,0.80000000000000004,0,16,0,NA,NA,NA,NA,NA,NA,NA,NA,NA,NA,NA,NA,NA,NA,NA,NA,NA,NA,NA,NA,NA,NA,39.771428571428572
0,1,MS,1,sheath,StemElement,0.0,0.00029999999999999997,0.1803941,18.599999069999999,0.000174251,False,0.01,0.20000000000000001,1.5,0,0,0.40000000000000002,0,8,0,NA,NA,NA,NA,NA,NA,NA,NA,NA,NA,NA,NA,NA,NA,NA,NA,NA,NA,NA,NA,NA,NA,22.028571428571428
0,1,MS,2,blade,LeafElement1,0.0,0.00059999999999999995,0.188262663,18.817068819999999,0.00028853,False,0.02,0.5,3.0,0,0,1.0,0,10,0,NA,NA,NA,NA,NA,NA,NA,NA,NA,NA,NA,NA,NA,NA,NA,NA,NA,NA,NA,NA,NA,NA,44.357142857142854
0,1,MS,2,sheath,StemElement,0.0,0.00036000000000000002,0.0,0.0,1.26e-06,False,0.012,0.25,1.8,0,0,0.5,0,20,0,NA,NA,NA,NA,NA,NA,NA,NA,NA,NA,NA,NA,NA,NA,NA,NA,NA,NA,NA,NA,NA,NA,26.464285714285715
0,1,MS,3,blade,LeafElement1,0.0,0.00066,0.18921264500000001,18.843290840000002,0.00022900700000000001,False,0.022000000000000002,0.59999999999999998,3.2999999999999998,0,0,1.2,0,24,0,NA,NA,NA,NA,NA,NA,NA,NA,NA,NA,NA,NA,NA,NA,NA,NA,NA,NA,NA,NA,NA,NA,48.942857142857143
0,1,MS,3,sheath,StemElement,0.0,0.00042000000000000002,0.0,0.0,4.0600000000000001e-06,False,0.013999999999999999,0.29999999999999999,2.1000000000000001,0,0,0.59999999999999998,0,12,0,NA,NA,NA,NA,NA,NA,NA,NA,NA,NA,NA,NA,NA,NA,NA,NA,NA,NA,NA,NA,NA,NA,30.899999999999999
0,1,MS,4,blade,LeafElement1,0.0,5.2600000000000001e-08,0.0,18.0,5.9200000000000001e-08,True,1.6300000000000001e-06,0.0,0.0,0,0,0.0,0,0,0,NA,NA,NA,NA,NA,NA,NA,NA,NA,NA,NA,NA,NA,NA,NA,NA,NA,NA,NA,NA,NA,NA,0.0037571428571428569
4,1,MS,1,blade,LeafElement1,0.0,0.00054000000000000001,0.18726384300000001,18.789502330000001,0.00029428400000000002,False,0.018000000000000002,3.4912581551398527,2.8229440294403716,0.63750614281920281,0.0066242429839273977,1.0179298085461241,0.0,19.468003859480248,0.0,0.0,0.0,0,0.2121722277596079,5.5108752773412007e-05,0.2121722277596079,0.10723702085860215,0.63750614281920281,0.04230886713738867,0,1.6937664176642229,-0.11014779750896987,-0.4377250010197653,0.0021350209242096451,0.015,9.6034655912919558,0.0,0.0,0,3.5630077922850667,0.048002430224491445,2.0781819523399675e-07,43.080616535114544
4,1,MS,1,sheath,StemElement,0.0,0.00029999999999999997,0.1803941,18.599999069999999,0.000174251,False,0.01,2.0581255019782696,1.5718210880076335,0.35116385205348294,0.0037784465298780906,0.52556376218520318,0.0,10.816986968038465,0.0,0.0,0.0,0,0.11599356384679269,3.1433852319099998e-05,0.11599356384679269,0.061167645921318528,0.35116385205348294,0.039150471692686845,0,1.6975667750482444,-0.031910247663171271,-0.29552186112988288,0.0012178089514334549,0.015,9.6045089603181424,0.0,0.0,0,3.6342124296380915,0.027380429182250646,2.0692315201735817e-07,24.012260692734898
4,1,MS,2,blade,LeafElement1,0.0,0.00059999999999999995,0.188262663,18.817068819999999,0.00028853,False,0.02,3.8174865652795686,3.1068639714277708,0.54407368727787431,0.0065293634766201303,1.2408955612611781,0.0,17.981177757236264,0.0,0.0,0.0,0,0.21108346985997592,5.4319426155390002e-05,0.21108346985997592,0.1057010573184889,0.54407368727787431,0.047277135872675888,0,1.6777065445709962,-0.13572912841104948,-1.0630303797767113,0.0021044408664021006,0.015,8.2299873365283815,0.0,0.0,0,3.5435281579406643,0.047314887973957782,2.1166225671824919e-07,47.915524983683603
4,1,MS,2,sheath,StemElement,0.0,0.00036000000000000002,0.0,0.0,1.26e-06,False,0.012,2.2817754733716451,1.7238956955235945,0.00029861419881177222,0.0,0.64613632220041539,0.0,17.517912445543512,0.0,0.0,0.0,4.6383185550854615e-05,0.04554780461676125,0.0,0.045594187802312107,0.0,0.00029861419881177222,0.047631762779566919,0,1.5515061259712351,-0.099497613304911497,0.64421091042853629,0.0,4.521966368406802e-06,0.0036788333215852548,0.0,0.0,0,3.5388805655164877,0.0,2.4572607535489873e-07,28.642197509857777
4,1,MS,3,blade,LeafElement1,0.0,0.00066,0.18921264500000001,18.843290840000002,0.00022900700000000001,False,0.022000000000000002,4.0946277262378175,3.3469032855827159,0.85313714101374816,0.0052085230032967184,1.4627726902272331,0.0,25.619568790049598,0.0,0.0,0.0,0,0.2739201451162081,4.3331020193515008e-05,0.2739201451162081,0.084318538933770615,0.85313714101374816,0.05273574448116769,0,1.6430252492860604,-0.1734893281128187,-0.21287491679333032,0.0016787285163372312,0.015,10.201011011946102,0.0,0.0,0,3.5126763143623658,0.03774344670704935,2.203172073177802e-07,52.700257559322196
4,1,MS,3,sheath,StemElement,0.0,0.00042000000000000002,0.0,0.0,4.0600000000000001e-06,False,0.013999999999999999,2.6154188693074749,2.0112116447775263,0.50075350565860877,0.0,0.76872052114254452,0.0,15.471880103800665,0.0,0.0,0.0,0,0.045406277292173607,0.0,0.045406277292173607,0.0,0.50075350565860877,0.048572916867033404,0,1.5515061259712351,-0.1252282672222732,-0.30975391697345744,0.0,0.015,9.77492860330897,0.0,0.0,0,3.5172574403666523,0.0,2.4572607535489873e-07,33.384139390450017
4,1,MS,4,blade,LeafElement1,0.0,5.2600000000000001e-08,0.0,18.0,5.9200000000000001e-08,True,1.6300000000000001e-06,0.0,0.0,0.0,0.0,0.0,0.0,0.0,0.0,0.0,0.0,0,0.0,0.0,0.0,0.0,0,0,0,0,-106.17733383345789,-606.26466210456522,0.0,0.015,0.0,0.0,0.0,0,0.0,0.0,2.5e-06,0.0037571428571428569
8,1,MS,1,blade,LeafElement1,0.22835203199999998,0.00054000000000000001,0.065656899000000005,16.443020449999999,0.00029428400000000002,False,0.018000000000000002,3.3930330948065039,2.7866791385538807,1.0515447067565478,9.7027084742229948e-05,1.2711667948288281,0.031092408957296484,19.366287302113321,4.1032431326451989e-05,0.24192125778631676,0.0012966790326310433,2.4933663297047384e-05,0.19470669933801613,1.9321774865316002e-05,0.19602831203394422,0.048296873425627558,1.0515447067565478,0.054164619231696819,0.6218481791459296,1.6720074831323284,0.073977805373077077,0.23086725275043873,0.0013196834996055109,0.00032451185613104007,0.20686926453939933,0.8205551004990097,12.391271781716872,0.072765377813189855,3.5282614952481492,0.019440300200271297,2.1305079495484496e-07,43.235628461063904
8,1,MS,1,sheath,StemElement,0.075132541999999997,0.00029999999999999997,0.059634000999999999,16.37150248,0.000174251,False,0.01,1.9052071227775054,1.5500499891233797,0.62343670736453982,0.00015069907104618566,0.66793226835509956,0.0057586026236478901,10.494944607630154,7.7399992398104563e-06,0.047130914073751196,0.00068672732940496125,6.3525018215387768e-06,0.10636107547507577,1.0391284308251e-05,0.10705415530630227,0.025974142979286831,0.62343670736453982,0.051109006102424262,0.20730969445132405,1.6740539882532499,0.056956841066186488,0.1058750303589796,0.00070972809366103928,0.00056737750212045382,0.35435264519983117,0.27862918968459466,4.2168725262379061,0.069366396909592051,3.5412684976355959,0.01045502744064108,2.1255068533407986e-07,24.00171081970403
8,1,MS,2,blade,LeafElement1,0.24207144999999999,0.00059999999999999995,0.065969374999999997,16.448801629999998,0.00028853,False,0.02,3.7373036303898681,3.057357982106772,1.1643846912755653,0.00010197559236231854,1.5206805438789968,0.032351685920238356,19.338845474200095,4.2677144116989072e-05,0.25144155168659998,0.0012767370759925636,0,0.20274997544358023,1.9034143768749999e-05,0.2040267125195728,0.047577908280812667,1.1643846912755653,0.059750807503906843,0.5823303465642905,1.6509733103376569,0.070559565633610044,-0.058189815574580896,0.0013000382022786607,0.015,8.7506934683105513,0.76810664261109352,11.601711432602103,0.064481670504674932,3.5175826318841521,0.01915090469167267,2.1828972029228121e-07,48.115127031411717
8,1,MS,2,sheath,StemElement,0.0,0.00036000000000000002,0.0,0.0,1.26e-06,False,0.012,2.1719070641387574,1.6510090314675177,0.00046584448470036674,0.0,0.81286221254822577,0.0,14.843583993672194,0.0,0.0,0.0,4.1650980896087387e-05,0.044972846548479176,0.0,0.045014497529375266,0.0,0.00046584448470036674,0.065006053397474187,0,1.485908128320766,0.028559778960985275,0.57848584577899154,0.0,6.2442956756826156e-06,0.0044583089241712372,0.0,0.0,0,3.4782388491910883,0.0,2.6657266300885108e-07,28.699054990972698
8,1,MS,3,blade,LeafElement1,0.27355807199999999,0.00066,0.065969879999999995,16.453926129999999,0.00022900700000000001,False,0.022000000000000002,4.0400653983591202,3.2703628472360902,1.1207768212048568,9.8742305079885099e-05,1.7677748345601059,0.029079849072579253,24.633746033840858,3.8330563673664026e-05,0.2255281682202144,0.0010115701427427055,5.4557876849689869e-05,0.2441740253396221,1.5107564309159999e-05,0.24524015335921448,0.03776299673788254,1.1207768212048568,0.06661211266117463,0.47585207573311505,1.605450852279535,0.057146418647028407,0.41331724886128679,0.0010318515497153586,0.00010480239895342598,0.069031967988659904,0.6271727694650151,9.4784239595099518,0.046444910135110443,3.4961737992162787,0.015200238462160105,2.3027481433719244e-07,52.950697375776372
8,1,MS,3,sheath,StemElement,0.0,0.00042000000000000002,0.0,0.0,4.0600000000000001e-06,False,0.013999999999999999,2.5193576096159829,1.9261772033787714,0.81688839601349961,0.0,0.96242235387589914,0.0,15.029921218745045,0.0,0.0,0.0,1.5924558993515161e-05,0.048203640514746154,0.0,0.048219565073739666,0.0,0.81688839601349961,0.065971411665928736,0,1.4859081283207667,0.027562692864508964,0.18957808325613287,0.0,0.00027665199270615826,0.1760440012741849,0.0,0.0,0,3.4711124747964184,0.0,2.6657266300885087e-07,33.481779963491881
8,1,MS,4,blade,LeafElement1,0.059989445000000002,1.3799999999999999e-06,0.063276225000000005,16.449080169999998,1.55e-06,True,4.2700000000000008e-05,0.0073714380475539279,0.00042176715843752349,4.4983110930366241e-06,8.8014609968901915e-07,0.00059538822316613257,4.1743230361991638e-05,0.042236383748135056,5.4104592106341932e-08,0.0003347411031,6.537790007633735e-06,5.4226385225275985e-10,0.00042311781839580857,9.807814875000001e-08,0.00042965615066729455,0.00024515697802180933,4.4983110930366241e-06,0.12146120106336612,0.3519335580870489,0.10667647098653987,0.00049344525528378968,0.0021165646067633089,6.6987694184124864e-06,5.7440929284637196e-06,0.0034152159139847942,0.45612223051338324,6.8981374873247372,0.15465640024681793,3.4193168656818225,9.8679788377488707e-05,2.4197065804232421e-06,0.10653825484214863
12,1,MS,1,blade,LeafElement1,3.4118892889999999,0.00054000000000000001,0.35118719399999998,16.746177209999999,0.00029428400000000002,False,0.018000000000000002,3.3760926877184363,2.8664417748924618,0.97913391534627048,4.3322952037488798e-05,1.5218713918506082,0.50202927631571315,26.743186403644188,0.0006489803891640937,3.6146319390866739,0.0078547622583184304,0.00026028672796999844,0.23978320493161298,0.00010334877219909599,0.24789825391790141,0.21825429551866832,0.97913391534627048,0.061416926644434586,10.040585526314262,1.719865064935477,0.21359574633627182,2.4100622960185039,0.00793730367668493,2.9155670246393688e-07,0.0002404402323863022,12.956251247235929,186.4740248944241,0.44078351617948541,3.5221356365848866,0.034739741339256544,2.0178093554196818e-07,43.469392650997612
12,1,MS,1,sheath,StemElement,1.160077781,0.00029999999999999997,0.228567047,16.455131770000001,0.000174251,False,0.01,1.7585892608981615,1.560657507289519,0.60002097468450577,4.3117867403903994e-05,0.80570909396074908,0.097362311146271321,11.322094144112524,0.00012571614504165902,0.72772096830131161,0.003025072242763713,3.4340826946601615e-05,0.11195501785880639,3.9828036506797001e-05,0.11501443092851671,0.084109756359145402,0.60002097468450577,0.060848329127426194,3.5050432012657682,1.6855101078726809,0.10095597894937253,0.57234711577669362,0.0030588386671061649,3.7317471249403443e-06,0.0024804158158181289,4.5229381897323506,67.290696245577166,0.30556285280441542,3.4424776980963712,0.013387828968409335,2.0978184028453684e-07,23.992869783430336
12,1,MS,2,blade,LeafElement1,3.6261299839999999,0.00059999999999999995,0.35404676299999999,16.735022430000001,0.00028853,False,0.02,3.6947136860127889,3.1233903835397983,1.1172601003110794,4.5332775484585651e-05,1.7975086353061123,0.52170769008051443,28.363529295754056,0.00067435767889624976,3.7664902234206723,0.0077637065245873948,0.000265649580173998,0.26008214649550215,0.00010215311252839,0.26811150260026356,0.215729274141469,1.1172601003110794,0.06778849865251392,9.390738421449262,1.686630807111491,0.2118440564383326,2.2137465014499833,0.0078454756491387872,5.1604805250221827e-07,0.00041049820683242567,12.118008539853044,174.97657911177836,0.3921063901306765,3.5035043032054998,0.034337831313561336,2.0951374746948536e-07,48.349365178461753
12,1,MS,2,sheath,StemElement,0.0,0.00036000000000000002,0.0,0.0,1.26e-06,False,0.012,1.8601825457790735,1.5812040599957657,0.00072928688940573981,0.0,0.97174461360048958,0.0,12.605407591921205,0.0,0.0,0.0,3.1506530256559798e-05,0.040891096866903356,0.0,0.040922603397159918,0.0,0.00072928688940573981,0.084238916655280452,0,1.4230836539961893,0.039522945537306869,0.43759069800777495,0.0,1.4418517052704059e-05,0.0090117891387782572,0.0,0.0,0,3.2824792628995616,0.0,2.8896109628077424e-07,28.546212873665279
12,1,MS,3,blade,LeafElement1,4.0975752860000005,0.00066,0.347523631,16.72337048,0.00022900700000000001,False,0.022000000000000002,3.8888613470715296,3.2842439169119784,1.0268737106617609,4.2446840804440056e-05,2.0679891248680171,0.46440899961933263,30.86291528680162,0.00060007771325903687,3.378144324675608,0.0060480216411957881,0.00030000458124137646,0.28431068832623418,7.9585344164417009e-05,0.29065871454867137,0.16807014592058725,1.0268737106617609,0.077297600605048714,7.5994199937708968,1.6122651955749712,0.17618628792381794,2.2727619791013365,0.0061122452778591225,6.3472639645687737e-07,0.00050064436811731502,9.8060798306914272,142.87491167047037,0.27768694404021066,3.4488962840788369,0.026751883083249061,2.284220067887881e-07,53.099707614796692
12,1,MS,3,sheath,StemElement,0.0,0.00042000000000000002,0.0,0.0,4.0600000000000001e-06,False,0.013999999999999999,2.170980767240593,1.8447380699950604,0.77558828842105654,0.0,1.147568329529991,0.0,13.756431842924476,0.0,0.0,0.0,2.6394149410538847e-05,0.045765744483051395,0.0,0.045792138632461933,0.0,0.77558828842105654,0.085269240657792733,0,1.4230836539961897,0.043993982254986914,0.31421606441117678,0.0,6.1646607865912525e-05,0.036450149879392303,0.0,0.0,0,3.282934551383248,0.0,2.8896109628077413e-07,33.318549096770582
12,1,MS,4,blade,LeafElement1,0.97470886400000001,4.8400000000000002e-06,0.24765079700000001,16.412072569999999,5.4399999999999996e-06,True,0.00015023600000000002,0.021261157143905109,0.0029795736777040636,1.141322714460279e-05,8.6563320546539821e-07,0.0025189295624106398,0.0025518993330518078,0.12466203692209689,3.3287962393857488e-06,0.019088698392575997,0.00010236936590352618,1.9160731785177942e-08,0.0013512950300967155,1.3472203356799999e-06,0.0014536835567320269,0.0028450906480612663,1.141322714460279e-05,0.13196910581923346,6.1149375642232942,0.21419230889536386,0.003498296218917236,0.021256258803014301,0.00010346805962142919,2.4708885459951086e-07,0.00012660885755624618,7.9677340851454828,116.93143729672765,0.68827311631401056,3.1641454322472353,0.00045285575234844396,2.1863906528793967e-06,0.36949437242060151
16,1,MS,1,blade,LeafElement1,27.499209159999999,0.00054000000000000001,2.7666914349999998,26.679168390000001,0.00029428400000000002,False,0.018000000000000002,3.8944409736387806,2.8240358812771476,0.91111538342286469,3.4418862653991671e-05,1.7796191231031957,6.1459608461023532,68.951500280126936,0.0080655808255426977,29.133278166389189,0.028253061272243408,0.002628957128837945,0.70988992394699202,0.00081419302225753994,0.74077194234807342,0.51762101985955711,0.91111538342286469,0.073912391536997302,122.91921692204706,1.6944215287662885,0.48000772602717168,24.342195637388375,0.028540375412546524,2.8296780303078173e-10,4.4189451660419243e-07,157.77672504355337,1455.765626778315,1.5854692071965997,3.6930721303466485,0.0058571729110968212,2.0766351231412146e-07,44.245488668170545
16,1,MS,1,sheath,StemElement,13.13302554,0.00029999999999999997,1.828340321,22.334726379999999,0.000174251,False,0.01,1.876293839218715,1.5255020047057111,0.57649831742160929,1.9898981180229599e-05,0.94338511343736275,1.3553163345966974,26.275117963432876,0.0017590269896445077,8.2383942001339445,0.011054939478560689,0.00036008233835352224,0.25455311661913727,0.00031859012927457097,0.26596813843605149,0.20254281616789474,0.57649831742160929,0.074431398987733779,48.791388045481106,1.647542165082168,0.191245811340263,6.0013723058920379,0.011167722694326714,3.2377771821278235e-09,4.0152375612951159e-06,62.772875714207821,757.56390912066377,1.1166605533899685,3.5225840258842269,0.0022918858598859368,2.1916170091310857e-07,24.248250381227503
16,1,MS,2,blade,LeafElement1,30.220154709999999,0.00059999999999999995,2.9465084889999997,25.885194240000001,0.00028853,False,0.02,4.2699727739769893,3.0736007489268373,1.0313626867058454,3.6484061597482464e-05,2.0819036687488564,6.5125392621611438,76.423937796467484,0.0085412583015425543,31.389916458514676,0.029500974613785501,0.0031144093706977805,0.74674364117948877,0.00085015609433116996,0.77935902516397204,0.54048444601914269,1.0313626867058454,0.080975529242382049,117.22570671890058,1.6597444044204921,0.49193924895946445,25.953411422481505,0.029801009623245032,3.2026198045825787e-10,4.994359332624513e-07,150.52839467615209,1414.2939409984178,1.4899482128174495,3.6775044821845926,0.0061158854347750941,2.1608302924837914e-07,49.2090192998687
16,1,MS,2,sheath,StemElement,0.0,0.00036000000000000002,0.0,0.0,1.26e-06,False,0.012,1.5921107578060036,1.5143507111749297,0.19229945655669831,0.0,1.1196710781359838,0.0,12.075326307716461,0.0,0.0,0.0,0,0.039606038253077194,0.0,0.039606038253077194,0.0,0.19229945655669831,0.1051257831684454,0,1.3629156400574365,0.015134696546755325,-0.60498357697995364,0.0,0.015,9.047029739869215,0.0,0.0,0,3.0791751609839859,0.0,3.1296626667496449e-07,28.426067550227703
16,1,MS,3,blade,LeafElement1,37.032234610000003,0.00066,3.1485165149999998,24.863300859999999,0.00022900700000000001,False,0.022000000000000002,4.3625746359277358,3.2151584193644562,0.94037298244607814,3.2949304873929534e-05,2.3729405680682127,5.9689503121951457,80.249646675603785,0.0078054704491125277,30.530307424796174,0.025020183940563438,0.0032487465523806541,0.7531372539102027,0.00072103232155060497,0.7814061844031468,0.45839435542923795,0.94037298244607814,0.092360446935778398,97.673732381375103,1.5783504967789148,0.40169696626189288,24.611716305914044,0.025274759889952685,4.9985160170329111e-10,7.5903684690229231e-07,125.49955492336164,1258.6383646810052,1.1487687759670999,3.5897348740292756,0.0051869898984169861,2.3785886637519806e-07,53.878372346853098
16,1,MS,3,sheath,StemElement,0.0,0.00042000000000000002,0.0,0.0,4.0600000000000001e-06,False,0.013999999999999999,1.8620557432188141,1.7667424963707523,0.99092936403457743,0.0,1.3202176795283338,0.0,13.607511228685453,0.0,0.0,0.0,0,0.045230984287930674,0.0,0.045230984287930674,0.0,0.99092936403457743,0.10624721100692572,0,1.3629156400574378,0.017726763947647568,-0.76091461380828829,0.0,0.015,8.7887511008329735,0.0,0.0,0,3.0824430374263887,0.0,3.1296626667496401e-07,33.182273422747144
16,1,MS,4,blade,LeafElement1,9.3132151920000013,9.5100000000000004e-06,2.1167535759999998,18.453217479999999,1.0699999999999999e-05,True,0.00029528200000000001,0.037409148511529391,0.005045307470291388,2.7468414201900014e-05,1.1167827978679168e-06,0.0060052328906118934,0.065461957843732085,0.37256619190504126,8.609136229431724e-05,0.35874504919584005,0.00078593607391757875,5.1459682205903124e-07,0.0040120101031086691,2.2649263263199997e-05,0.0047984607738483067,0.014399208085643371,2.7468414201900014e-05,0.16565967058899123,79.809486605155584,0.18453316043357532,0.014728457514850486,0.29045501252984784,0.00079393762741540152,7.3531433758564199e-10,5.3339342588869227e-07,103.45220288409793,1103.0382282908313,2.6885310385968952,3.0178877182065897,0.00016293513652780128,2.2626710062657007e-06,0.72270009568785565
20,1,MS,1,blade,LeafElement1,21.255757070000001,0.00054000000000000001,3.0276401599999998,22.148582080000001,0.00029428400000000002,False,0.018000000000000002,3.8143880420009131,2.7142693028611666,0.84782275952082875,5.0412712231220173e-05,2.0391156273105895,5.5790083551847891,70.970667894685391,0.0054820230578403748,22.518825168916372,0.036116820195966508,0.0022206522510222126,0.53242665216661089,0.00089098605684544,0.5707641246135996,0.44948127376665664,0.84782275952082875,0.091383473987439331,111.58016710369577,1.6285615817166996,0.45988187808490516,20.561594916872338,0.036484012813400676,4.6951110247265751e-10,7.4521315631067829e-07,107.99591642351223,1136.6925929356632,2.0267575867545737,3.6687338446710052,0.0007468536345148079,2.2407624355261783e-07,44.42493224074007
20,1,MS,1,sheath,StemElement,9.2098840539999998,0.00029999999999999997,1.884668131,19.573040880000001,0.000174251,False,0.01,1.7936730375611738,1.4645548839874107,0.55389413246958275,3.0796013419642806e-05,1.0798801458976306,1.1910341233721893,28.257292418035892,0.001145745979972253,5.777393422656794,0.013311593390819793,0.00028104381354002438,0.21839586595620744,0.000328405306494881,0.23198850316056727,0.16567266607703462,0.55389413246958275,0.092095312978613536,42.87722844139882,1.5817192747064037,0.16552286568182731,4.6840635590004061,0.013447509439787408,6.8097352204888157e-09,8.8519398574726257e-06,41.01190912892384,532.50978518596946,1.3446053930121005,3.4670608452039531,0.00027528006175319824,2.368969508341466e-07,24.30212461203023
20,1,MS,2,blade,LeafElement1,23.11968761,0.00059999999999999995,3.1431614649999999,21.891148950000002,0.00028853,False,0.02,4.1682821963164951,2.9534547064509544,0.95207013567948062,5.2503382672296075e-05,2.3681552248544588,5.8735237337200621,78.635100348613761,0.0057535040518113048,24.014604478007879,0.03676170232995736,0.0026256675316441648,0.58119605974161181,0.00090689637749645003,0.62058342960321333,0.45750765211153394,0.95207013567948062,0.099403815131844112,105.72342720696112,1.5948655414835153,0.4658774491398508,21.880562763701374,0.037135507119105009,5.3445761529647524e-10,8.4696490927060392e-07,102.09456913957233,1092.8118900811526,1.8566516328261293,3.6491073436216293,0.00076019018530952369,2.3319561640351239e-07,49.393580278313806
20,1,MS,2,sheath,StemElement,0.0,0.00036000000000000002,0.0,0.0,1.26e-06,False,0.012,1.4438556835553524,1.4503248033361855,0.65793286177159238,0.0,1.2584380223188196,0.0,16.301993564740688,0.0,0.0,0.0,0,0.047051678419002256,0.0,0.047051678419002256,0.0,0.65793286177159238,0.12785471919523558,0,1.305292323002567,-0.0089476038036850405,-1.6442413749068148,0.0,0.015,11.537151408096225,0.0,0.0,0,2.9490341472474197,0.0,3.3865982254109018e-07,28.416579420159888
20,1,MS,3,blade,LeafElement1,27.29145827,0.00066,3.2124103470000001,21.52057379,0.00022900700000000001,False,0.022000000000000002,4.225969096583011,3.0871762777262073,0.86115939284552634,4.6786683253693107e-05,2.6783995931831126,5.2638982806586734,82.414478384769495,0.0051009475813497893,22.499765942536406,0.029820497219159959,0.0026729239207623321,0.61117812442769492,0.0007356644563354291,0.64367154556761719,0.37112522060024183,0.86115939284552634,0.11257880645980289,86.136517319869199,1.5155228999746837,0.3689216520572916,20.249423642138876,0.030123918601299936,8.9748826461414495e-10,1.3838755799456166e-06,82.513467529758572,935.90848335552005,1.3691688346721742,3.5512516133454244,0.00061665799231781467,2.568629403854207e-07,54.047225832623269
20,1,MS,3,sheath,StemElement,0.0,0.00042000000000000002,0.0,0.0,4.0600000000000001e-06,False,0.013999999999999999,1.6867010169289454,1.6920456038922176,1.4776693755438342,0.0,1.482202370638785,0.0,18.675844396304647,0.0,0.0,0.0,0,0.054373387840885329,0.0,0.054373387840885329,0.0,1.4776693755438342,0.12907604360841773,0,1.3052923230025681,-0.0095075866291116033,-1.9161906131107456,0.0,0.015,11.372833315162406,0.0,0.0,0,2.9507831958659616,0.0,3.3865982254108966e-07,33.168903387567731
20,1,MS,4,blade,LeafElement1,10.429975539999999,1.5299999999999999e-05,2.7302212180000001,19.689801939999999,1.7199999999999998e-05,True,0.00047561199999999999,0.05908947870106817,0.0053396582252760519,7.8904672094896286e-05,2.5485470740963133e-06,0.011408982027912443,0.13703276384035984,0.8731895958713245,0.000161855694818298,0.64582408543679992,0.0019035573056653255,1.5993697035116593e-06,0.0085957403875642491,4.6959804949599992e-05,0.010500897062933086,0.023690104668205252,7.8904672094896286e-05,0.2069076698165884,103.72277188659989,0.12125074395301498,0.024373634460070629,0.5604602433326813,0.0019229056530490765,4.2768372771991245e-10,4.1350757402132696e-07,120.46200900368848,1224.7372059278509,4.0427599750168257,2.9918532996881186,3.9363243378789706e-05,2.3959623901795936e-06,1.1633556035861234
24,1,MS,1,blade,LeafElement1,0.0,0.00054000000000000001,0.16219914099999999,11.33106151,0.00029428400000000002,False,0.018000000000000002,2.841620087921759,2.6004086867407534,0.78892967232815725,0.028552100810232239,2.2811124796212696,1.3226127583539382,42.742293468541753,-6.0136519887328466e-07,0.0,0.0,0.00033664893858060667,0.21108862978959633,4.7732612010043999e-05,0.21142527872817693,0.086613246704295516,0.78892967232815725,0.1109190435569349,26.452255167078764,1.5602452120444519,0.162732903254067,3.1171198016722839,0.0077699720798050081,1.3475717342234573e-07,0.00015620786571076309,0.0,0.0,0,3.305903581964194,0.00022920961326082688,2.4312488872830738e-07,43.694161138971594
24,1,MS,1,sheath,StemElement,0.0,0.00029999999999999997,0.15640557399999999,11.166488409999999,0.000174251,False,0.01,1.4465015122366554,1.4031465814769739,0.53218879835407251,0.016307342523897168,1.2082049651680142,0.28235529851300412,20.914024463664393,-5.0540747755711155e-07,0.0,0.0,5.1945454458701335e-05,0.10811929728420858,2.7253827675073997e-05,0.10817124273866728,0.049453453323711476,0.53218879835407251,0.11174081709764451,10.164790746468148,1.5153983079951319,0.068819321031949515,0.86575757431168887,0.0044364108978277306,1.0783969182603845e-06,0.0011449502538068356,0.0,0.0,0,3.1927665390800519,0.00013087151610237583,2.5690273385145768e-07,24.083277905976097
24,1,MS,2,blade,LeafElement1,0.0,0.00059999999999999995,0.16304086100000001,11.354973490000001,0.00028853,False,0.02,3.1350861514345785,2.8294684822303209,0.87887686104175211,0.028141789640052015,2.63538469412847,1.3924321618636621,47.789272861834363,-6.2891251567605702e-07,0.0,0.0,0.0004151155348499732,0.23569339161612241,4.7042179624330005e-05,0.23610850715097237,0.085360422104127018,0.87887686104175211,0.11999116536790851,25.063778913545917,1.5279129804043734,0.16871328135968808,3.4592961237497768,0.007657582664391034,1.3524512260275879e-07,0.00015743874634268184,0.0,0.0,0,3.2968220431934085,0.00022589419150936365,2.5294887189049339e-07,48.627613702705901
24,1,MS,2,sheath,StemElement,0.0,0.00036000000000000002,0.0,0.0,1.26e-06,False,0.012,1.350028335076902,1.3890058516381882,1.2268965537451884,0.0,1.3911111154171003,0.0,20.172651384209743,0.0,0.0,0.0,0,0.052601537708474623,0.0,0.052601537708474623,0.0,1.2268965537451884,0.15278975829291416,0,1.2501052664743695,-0.0080574396079087247,-0.56570678093409021,0.0,0.015,13.587216537556991,0.0,0.0,0,2.8588517661296575,0.0,3.6610964333859805e-07,28.455425164779719
24,1,MS,3,blade,LeafElement1,0.0,0.00066,0.163841282,11.377712750000001,0.00022900700000000001,False,0.022000000000000002,3.2993901239149355,2.9573574044177935,0.78862299426772109,0.022451171927924209,2.9647606993023805,1.2479050549121846,52.09427062298667,-5.6343471378767744e-07,0.0,0.0,0.0004631641021665169,0.25734306915409677,3.7520800466974002e-05,0.25780623325626328,0.068083396456595252,0.78862299426772109,0.13507014669167777,20.420264534926655,1.4517936348960074,0.14325402782251848,3.5088189558069458,0.0061076810960811693,1.7249595996397648e-07,0.00019957389157997427,0.0,0.0,0,3.2397604584664745,0.00018017300545928864,2.7841325420333123e-07,53.40700796607446
24,1,MS,3,sheath,StemElement,0.0,0.00042000000000000002,0.0,0.0,4.0600000000000001e-06,False,0.013999999999999999,1.5745229763380741,1.6205068269112199,2.0869894104185973,0.0,1.636946134506114,0.0,23.309036247905517,0.0,0.0,0.0,0,0.061103612573743818,0.0,0.061103612573743818,0.0,2.0869894104185973,0.15410616826333626,0,1.2501052664743699,-0.0090180389967863799,-0.68909627350901193,0.0,0.015,13.489454055047659,0.0,0.0,0,2.8584160014433335,0.0,3.6610964333859784e-07,33.211469110844192
24,1,MS,4,blade,LeafElement1,0.0,2.2500000000000001e-05,0.165061973,11.41239245,2.5400000000000001e-05,True,0.00069971699999999998,0.081313279310476674,0.0051927080335686243,0.011782326344451137,0.0025064598104792908,0.019131077541926701,0.032486647262950683,1.2901405443701008,-1.8450534745067308e-08,0.0,0.0,1.3481724932591224e-07,0.0071648956756195136,4.1925741141999999e-06,0.0071650304928688397,0.0076076384842052366,0.011782326344451137,0.24167123565423743,16.714175894915012,0.080148469684945697,0.0076516478570366805,0.0321123276329126,0.00068247226451786166,7.2367089210686564e-06,0.007018764679940088,0.0,0.0,0,2.9024144384846169,2.0132531005865018e-05,2.455305040068412e-06,1.7075872139952606
28,1,MS,1,blade,LeafElement1,0.0,0.00054000000000000001,0.111285922,10.24526352,0.00029428400000000002,False,0.018000000000000002,2.3896741332783704,2.4912503226740053,0.73418685661783112,0.05247681255845698,2.5015880199630063,0.31312431892469805,34.855594759473661,-6.0136519887328466e-07,0.0,0.0,0.00014980140048152403,0.17611096333385198,3.2749666269848003e-05,0.1762607647343335,0.067364277350000848,0.73418685661783112,0.13189373793310896,6.2624863784939606,1.494750193604403,0.096141701791322642,1.3870500044585556,0.0064269323110891048,1.5293104005664081e-06,0.0015369602401126455,0.0,0.0,0,3.0800104994337074,0.00029577392833139932,2.6362002232297912e-07,43.462690724669947
28,1,MS,1,sheath,StemElement,0.0,0.00029999999999999997,0.107704624,10.142548550000001,0.000174251,False,0.01,1.2554187017792742,1.3442718721124134,0.51143990892491376,0.030017721618798891,1.3269954968278164,0.066846709275433028,18.159361245650523,-5.0540747755711155e-07,0.0,0.0,3.0806718146946081e-05,0.093507025298612878,1.8767638436624e-05,0.093537832016759831,0.038604008676975846,0.51143990892491376,0.1329997114979837,2.4064815339155889,1.4518136218814064,0.046298901546744084,0.51344530244910136,0.0036830403362683307,5.1685239971776358e-06,0.004957287356609226,0.0,0.0,0,3.0057660620886044,0.00016949724312196498,2.7840610155280113e-07,24.010985627178517
28,1,MS,2,blade,LeafElement1,0.0,0.00059999999999999995,0.111797433,10.259934510000001,0.00028853,False,0.02,2.6377375170460575,2.7106155533002116,0.81137902953556906,0.051706529117748194,2.8789249212422821,0.32965383826709371,38.942255621692709,-6.2891251567605702e-07,0.0,0.0,0.00018616924343651994,0.19669493901110388,3.2256913343490002e-05,0.19688110825454039,0.066350711455231234,0.81137902953556906,0.14208524006300724,5.9337690888076873,1.4637323987821145,0.099406180369227284,1.5514103619709994,0.0063302324034412022,1.4992196849602404e-06,0.0015127060187473187,0.0,0.0,0,3.0712782988893883,0.00029132370073137393,2.7418653365016117e-07,48.373805295431197
28,1,MS,2,sheath,StemElement,0.0,0.00036000000000000002,0.0,0.0,1.26e-06,False,0.012,1.2379743612158731,1.3302886452662419,1.7186908646580392,0.0,1.5176364403353499,0.0,20.148428789761027,0.0,0.0,0.0,7.370085609365973e-06,0.052641905663107703,0.0,0.05264927574871707,0.0,1.7186908646580392,0.18000953185925614,0,1.1972597807396177,-0.00059901066673071304,0.10236230013008296,0.0,0.0010486877411814257,0.94906260973289236,0.0,0.0,0,2.7420557233554019,0.0,3.9537253911193575e-07,28.46989651583694
28,1,MS,3,blade,LeafElement1,0.0,0.00066,0.11228329500000001,10.27386993,0.00022900700000000001,False,0.022000000000000002,2.8024807428170768,2.8329447523498379,0.72228027228006941,0.041235849344051091,3.2268637305347831,0.29543751028711851,42.763157060714555,-5.6343471378767744e-07,0.0,0.0,0.00021542995697451458,0.21606494017928002,2.5713660538065003e-05,0.21628037013625453,0.052891597303535577,0.72228027228006941,0.15922228141603481,4.8344319865164849,1.3907183329717383,0.086104525322888328,1.6320451285948072,0.0050461569405554074,1.7140389393978532e-06,0.0017273260387010052,0.0,0.0,0,3.0251782643924892,0.00023222924858094644,3.0153893512470468e-07,53.172201616209009
28,1,MS,3,sheath,StemElement,0.0,0.00042000000000000002,0.0,0.0,4.0600000000000001e-06,False,0.013999999999999999,1.4435549113393902,1.5520034194772823,2.61580270452448,0.0,1.7844448627080971,0.0,23.436123188234269,0.0,0.0,0.0,8.0223581616860414e-06,0.061348617197784186,0.0,0.06135663955594587,0.0,2.61580270452448,0.18141955618478139,0,1.1972597807396179,-0.00077952868746589555,0.095504263829595731,0.0,0.001922043505767217,1.7355481864419025,0.0,0.0,0,2.7413560716367389,0.0,3.9537253911193569e-07,33.22799977404749
28,1,MS,4,blade,LeafElement1,0.0,3.0799999999999996e-05,0.11300105000000001,10.29445666,3.4700000000000003e-05,True,0.00095646399999999997,0.099000748363658256,0.0050651826025423291,0.012202736138382885,0.0053709793496969308,0.029068911738088166,0.00769110930928746,1.5752120655461526,-1.8450534745067308e-08,0.0,0.0,2.472941144679779e-07,0.0086033694237665631,3.9211364350000006e-06,0.0086036167178810304,0.0080655637879805328,0.012202736138382885,0.27109893524265172,2.8948286096951747,0.057193968730090368,0.0087692761630030897,0.043091727179133753,0.00076950031315257148,7.6489430212166827e-06,0.0068226704893194741,0.0,0.0,0,2.7465290175479824,3.5413183064131157e-05,2.4777938248389847e-06,2.3280696601017463
32,1,MS,1,blade,LeafElement1,2.669526914,0.00054000000000000001,0.13075582699999999,9.5250902960000001,0.00029428400000000002,False,0.018000000000000002,2.189928953311453,2.3875671623864396,0.68322857889829802,5.7243430395618458e-05,2.7095950913545708,0.45341375716631854,36.294738612476799,0.00050092730233504325,2.8281566100944739,0.0082980221301727133,0.00029215803173109506,0.16976513182091094,3.8479347792868e-05,0.17835531198281473,0.083578745006894578,0.68322857889829802,0.15467751941897787,9.0682751433263693,1.4325402974318635,0.09328903447044358,2.7051669604731021,0.0083835057732347153,2.0617124037517934e-07,0.00021329908830514682,10.004624963939587,145.65454140628432,0.46565780752933295,2.9638663961841081,0.00077948892691791455,2.8542552337894157e-07,43.470952616094593
32,1,MS,1,sheath,StemElement,0.92953846099999993,0.00029999999999999997,0.088879736999999986,9.3682277230000004,0.000174251,False,0.01,1.1286442137124406,1.2881008221405879,0.49148316363638356,5.9163141532586645e-05,1.4390087962277784,0.090590472354657753,17.308414798713436,9.9863165716688204e-05,0.58310282292375948,0.0033360025227720082,4.4607505331619697e-05,0.086321507178902898,1.5487383051986996e-05,0.089702117207006521,0.033639240610154969,0.49148316363638356,0.15612091133396133,3.2612570047676788,1.3911488879118348,0.041892535255480187,0.74345842219366154,0.0033742402789034682,1.7028617822779273e-06,0.0015764123606010444,3.5932797843279309,53.658916262601132,0.33696995179515232,2.8631739934678029,0.00031373306171778682,3.0136660685237939e-07,23.996224438511646
32,1,MS,2,blade,LeafElement1,2.9166598779999999,0.00059999999999999995,0.13340731,9.5124808260000009,0.00028853,False,0.02,2.4075743439500594,2.597659395025695,0.74905135611799634,5.9170000822201219e-05,3.1081641107037394,0.48425349466783113,40.352342248678909,0.00053618615713293342,3.0295579485576241,0.0083006990582920812,0.00034925406261748993,0.18883554917998618,3.8492011154300001e-05,0.19748550230089576,0.083606250355003728,0.74905135611799634,0.16603957310303311,8.7165629040209609,1.4027360733138754,0.094921225927390149,2.9104505218124159,0.0083862647431695806,2.27091830771577e-07,0.00023504612512539674,9.6384308454033309,140.52446170993457,0.4192272251662667,2.9496726414100456,0.00077974545283584172,2.9678036292162588e-07,48.372881311796654
32,1,MS,2,sheath,StemElement,0.0,0.00036000000000000002,0.0,0.0,1.26e-06,False,0.012,1.1109932171624664,1.2740514795304143,1.6422920188864905,0.0,1.6364602745135053,0.0,18.979958074302033,0.0,0.0,0.0,2.3181456523431865e-05,0.051099977045254243,0.0,0.051123158501777677,0.0,1.6422920188864905,0.20938908263618861,0,1.1466463315773729,0.0033743014691974206,0.32196467393655365,0.0,3.6146812713362607e-05,0.031271654525643386,0.0,0.0,0,2.5960108096048788,0.0,4.2650812834108631e-07,28.461739205961688
32,1,MS,3,blade,LeafElement1,3.3092538330000001,0.00066,0.13111824599999999,9.4842047279999999,0.00022900700000000001,False,0.022000000000000002,2.5305042538101037,2.7144579640420616,0.66150958098529322,5.5444673063490887e-05,3.4724894774226076,0.43401934615315818,43.251971317594673,0.00048012890099293474,2.7282322531217917,0.0064749756278792096,0.00036104611519443723,0.20472624763975802,3.0026996161722e-05,0.21156226938283168,0.065219885457328722,0.66150958098529322,0.18532760807206813,7.1021347552334984,1.3325520914388302,0.079235628821017062,2.7351978423821,0.0065419896675418827,3.641581420794522e-07,0.00036999202405777224,7.8480908906702265,115.22994602134045,0.29728997373182781,2.8886398230312427,0.00060826683296870171,3.2615148649074705e-07,53.145850874089859
32,1,MS,3,sheath,StemElement,0.0,0.00042000000000000002,0.0,0.0,4.0600000000000001e-06,False,0.013999999999999999,1.2962052286837535,1.4863933927854842,2.4799124967407433,0.0,1.9229714128912305,0.0,22.187463475533086,0.0,0.0,0.0,3.0910491077061706e-05,0.059701242030917062,0.0,0.059732152521994125,0.0,2.4799124967407433,0.21089904124259626,0,1.1466463315773736,0.0037460746070507151,0.36798203663168705,0.0,3.8440463738011687e-05,0.033306339830315231,0.0,0.0,0,2.596059142838071,0.0,4.2650812834108583e-07,33.219176641574983
32,1,MS,4,blade,LeafElement1,1.4196222440000001,4.0200000000000001e-05,0.121433365,9.3058269750000004,4.5200000000000001e-05,True,0.0012471520000000001,0.11312717440940298,0.0050839863667289098,0.012848748564215641,7.0855580403228922e-06,0.041051561183598581,0.032728591356603304,1.8393381250976268,4.0903795945101086e-05,0.23100093154368001,0.0011836797973530542,1.924330036880891e-06,0.0098935736049968141,5.4887880980000005e-06,0.011079177732386749,0.011921876205101553,0.012848748564215641,0.29472154665162686,9.4473591738434362,0.044025950935148418,0.014060587750310155,0.25716325902013693,0.0011958437277924381,7.9822963993178752e-08,6.5455194124346998e-05,11.787863966157593,170.42772613041302,0.95869321377224193,2.5684520822990278,0.00011118820328297862,2.487133495807238e-06,3.0256073070215734
36,1,MS,1,blade,LeafElement1,25.793533329999999,0.00054000000000000001,2.8741637180000001,23.91669607,0.00029428400000000002,False,0.018000000000000002,3.1111999143250451,2.2989474754074815,0.63576726651974946,7.4406576852786044e-05,2.9328751969286224,5.5368843677061115,73.823796459950358,0.0072591978186090506,27.326246984948593,0.059009325434764691,0.0024626687407609759,0.59818893821447394,0.00084582039558791209,0.65966093238999957,0.44566962339632554,0.63576726651974946,0.17956940147282974,110.73768735412222,1.3793684852444887,0.36905280549126784,22.802488340379405,0.059607075870139518,3.4424650498334396e-10,5.5845917427355496e-07,142.31426906236308,1365.4235874809417,3.311409957057502,3.4208502668261187,0.005718627719105961,3.0613201963192837e-07,44.615503682682238
36,1,MS,1,sheath,StemElement,12.124856469999999,0.00029999999999999997,1.8220886549999999,21.239042699999999,0.000174251,False,0.01,1.4305626372438061,1.2382672600644993,0.47221494374025713,4.223755584161937e-05,1.5551211629743722,1.2210840144846486,29.722600302870511,0.001584585247388619,7.6059661131142908,0.022150365333951361,0.00033360816910766347,0.24710726428962046,0.00031750077022240497,0.26959123779267946,0.16729372976955528,0.47221494374025713,0.18140411805807138,43.959024521447347,1.3373286408696592,0.13521655296041232,5.5601361517943904,0.022375072294538428,4.0713868018671987e-09,5.4644972400545956e-06,56.596657761290075,696.98179176753194,2.2374106397930666,3.1782921874733261,0.0021466362302239167,3.2402641024787553e-07,24.414255228789607
36,1,MS,2,blade,LeafElement1,28.713013870000001,0.00059999999999999995,3.0540320780000001,23.666475600000002,0.00028853,False,0.02,3.3906834754355026,2.5006723825871813,0.69146410664114122,7.8207296840999323e-05,3.3533816498470879,5.9913364083369576,82.358793439370245,0.0078530881506045577,29.824437210879964,0.061476192146802319,0.0029690831190109196,0.654962163134166,0.00088117987546534003,0.71940743839997923,0.46430081999866063,0.69146410664114122,0.19214375079627602,107.84405535006523,1.3503630865970779,0.37343906562499801,24.742359325090995,0.062098946733950403,3.6962846476677791e-10,6.0096776084985176e-07,138.6338275400625,1342.848951181757,3.1048581892324401,3.3965434718595695,0.0059576946685612033,3.1832502043130378e-07,49.601207982425443
36,1,MS,2,sheath,StemElement,0.0,0.00036000000000000002,0.0,0.0,1.26e-06,False,0.012,0.99841151094374214,1.2201852649540972,1.9358385931366102,0.0,1.7466323913027604,0.0,19.073585598894663,0.0,0.0,0.0,0,0.051214450058192411,0.0,0.051214450058192411,0.0,1.9358385931366102,0.24080702428231907,0,1.0981667384586873,-0.0053685560799859172,-0.92043198523068515,0.0,0.015,13.025508006743397,0.0,0.0,0,2.4524171804312282,0.0,4.595644080219773e-07,28.459329616532216
36,1,MS,3,blade,LeafElement1,35.07166677,0.00066,3.229657328,22.942333810000001,0.00022900700000000001,False,0.022000000000000002,3.3679295675969239,2.6104698613069881,0.60578786560475162,7.0123002581683286e-05,3.7304763057969215,5.4934400179344598,86.878157145193939,0.0071806569845403205,28.91396589119061,0.051599649040661409,0.0030885749510656492,0.67601624220382928,0.00073961413571329605,0.73070446619555629,0.38970868406741249,0.60578786560475162,0.21373318117030837,89.892654838927513,1.281503386459794,0.28816911313540494,23.398295083830671,0.052122455466974971,5.8172020147339209e-10,9.2412285506677211e-07,115.61486276558175,1191.2250012873392,2.3691298916740773,3.2663523207734615,0.0050005626726378023,3.5012880693902987e-07,54.24126301625099
36,1,MS,3,sheath,StemElement,0.0,0.00042000000000000002,0.0,0.0,4.0600000000000001e-06,False,0.013999999999999999,1.1649246291935684,1.4235494757797811,2.7510403832603614,0.0,2.0514350289697041,0.0,22.273707124170674,0.0,0.0,0.0,0,0.059804200187201409,0.0,0.059804200187201409,0.0,2.7510403832603614,0.24242567777588792,0,1.0981667384586884,-0.0059352467146651013,-1.0141890344089977,0.0,0.015,13.034917770093076,0.0,0.0,0,2.452544969956127,0.0,4.5956440802197656e-07,33.21635965816327
36,1,MS,4,blade,LeafElement1,11.191565130000001,5.0900000000000004e-05,2.4256663719999998,20.087959309999999,5.7299999999999997e-05,True,0.0015816060000000002,0.13729721530313732,0.0068944234950584276,0.013224559346276839,1.2533320881240536e-05,0.055268891038093133,0.45365212486101542,2.9426336889180345,0.00059517920298605281,2.3085960550164,0.0096967861085413207,1.8395357135089357e-05,0.029659136077061773,0.00013899068311559997,0.03937431754273818,0.07323531771384105,0.013224559346276839,0.31264125204303556,103.25881727178927,0.047078585783457451,0.078861590175619972,1.9384681493673053,0.0097950205941244491,3.8011731521116971e-10,3.7110777537468716e-07,132.97081565874817,1307.2568240811597,6.1929035695179646,2.5093428714223251,0.00093972192832955865,2.4851999359216017e-06,3.8282803920555164
40,1,MS,1,blade,LeafElement1,28.447890510000001,0.00054000000000000001,4.5190566570000001,29.297760010000001,0.00029428400000000002,False,0.018000000000000002,3.267181388180608,2.2292546301779139,0.59160206844074958,8.3547283620001011e-05,3.1685900325612608,7.6165748131141005,86.227508796066772,0.0084555641942731033,30.138332439041424,0.069507619810077831,0.0028334878341608923,0.93019798745998106,0.0013298860692485882,1.0025390951042197,0.39298067445839302,0.59160206844074958,0.20527847921981382,152.331496262282,1.3375527781067482,0.40766625607281465,26.235998464452702,0.070211373609310429,2.2600782699639814e-10,3.9810544496948887e-07,165.23040527803377,1496.8864796952957,3.9005398322153666,3.4817738195296766,0.012824322862795974,3.2392716809419717e-07,45.007199992170442
40,1,MS,1,sheath,StemElement,14.833186489999999,0.00029999999999999997,3.0575666250000002,25.23644457,0.000174251,False,0.01,1.5115835544365124,1.1969332663115191,0.45369949182522101,4.6524339079753483e-05,1.6764735782074447,1.8281773501792034,37.369146012888372,0.0020370872025676548,9.3049112846483624,0.027846149848395875,0.00043516230459985083,0.35803558195855217,0.00053278404197287506,0.3863168941115479,0.15743742039005609,0.45369949182522101,0.20801903098051788,65.814384606451327,1.2926879276164405,0.15276947875057928,7.2527050766641805,0.028128348953359621,1.8344194864462015e-09,2.8245953400988996e-06,72.595720229234786,849.07258167584928,2.8127424089288762,3.2499620327337588,0.0051377292599704737,3.4467029431527946e-07,24.616628561215386
40,1,MS,2,blade,LeafElement1,31.81484665,0.00059999999999999995,4.8088685280000005,29.16507957,0.00028853,False,0.02,3.577815979462204,2.4236423630247592,0.63830311983821264,8.7701542873475319e-05,3.6125437417325719,8.2849125030563524,96.43410374921541,0.009203396444517108,33.046335734128199,0.072518998762145931,0.0034474888674970658,1.0264005152753439,0.0013875028363838401,1.102367002904987,0.41000640059575816,0.63830311983821264,0.21915554320371122,149.12842505501436,1.3087668760333699,0.41859090867320298,28.729073895808881,0.073253252501823019,2.3611515459660907e-10,4.1729206064504752e-07,161.9352502356559,1478.8930456288115,3.6625756950578752,3.463758281060878,0.013379931377794927,3.3702866528953002e-07,50.047502578337628
40,1,MS,2,sheath,StemElement,0.0,0.00036000000000000002,0.0,0.0,1.26e-06,False,0.012,0.94557668962275754,1.168596313062511,2.5144486202259833,0.0,1.8498824602445538,0.0,25.087261827029312,0.0,0.0,0.0,0,0.058380164113571338,0.0,0.058380164113571338,0.0,2.5144486202259833,0.27446986839479232,0,1.0517366817562599,-0.020321341366363481,-2.3560216102036811,0.0,0.015,15.921444756484536,0.0,0.0,0,2.3798329599025729,0.0,4.9457172603010951e-07,28.509744864153028
40,1,MS,3,blade,LeafElement1,39.2898219,0.00066,5.1322077239999997,28.141354490000001,0.00022900700000000001,False,0.022000000000000002,3.5806293302654093,2.5244089397400002,0.55475820731566883,7.8629084553966932e-05,4.0024850855359801,7.6504219115786212,102.90920881107976,0.0084804427813929568,32.391519277871886,0.061428556060640287,0.0036689810931302873,1.0373160592445836,0.001175311494250068,1.1024135963983541,0.34730396414338094,0.55475820731566883,0.24355525338470069,125.18872218946834,1.2392552976905455,0.3315944114517087,27.795311311593082,0.062050604437667356,3.4701813074974255e-10,6.0382968552983843e-07,136.14682425693184,1327.3480994771398,2.8204112057226944,3.3448604431700262,0.011333733328851507,3.7186727328664438e-07,54.725971558658536
40,1,MS,3,sheath,StemElement,0.0,0.00042000000000000002,0.0,0.0,4.0600000000000001e-06,False,0.013999999999999999,1.1009503273117751,1.3633623652395968,3.3771240359381349,0.0,2.1717418580669534,0.0,29.067377922561267,0.0,0.0,0.0,0,0.067929822044297025,0.0,0.067929822044297025,0.0,3.3771240359381349,0.27619254494640244,0,1.0517366817562606,-0.022821799975614319,-2.6883799449545354,0.0,0.015,15.844150120186479,0.0,0.0,0,2.3771490791158167,0.0,4.9457172603010908e-07,33.27269218537873
40,1,MS,4,blade,LeafElement1,13.15606185,6.2600000000000004e-05,3.975562381,24.16463396,7.0400000000000004e-05,True,0.0019440310000000001,0.1769838504490075,0.012391619392106036,0.013923300838379622,1.7462807502189979e-05,0.072686369599415518,0.80744788112601629,5.0286974848125441,0.00093919404883404864,3.3342723152640001,0.01462814427160212,3.2816394546005973e-05,0.055832600195409553,0.00027987959162240002,0.070493560861557683,0.082704280634397012,0.013923300838379622,0.33211280999952841,149.52500099297075,0.068841232179294054,0.090384196446728432,2.8134320342633399,0.01477625115971371,2.3088675946417836e-10,2.8339932235695163e-07,169.81990783061309,1521.4722536783322,7.6006521010460251,2.5733612644956478,0.0026989276214474155,2.4673646276247067e-06,4.7210987914769955
44,1,MS,1,blade,LeafElement1,19.871335640000002,0.00054000000000000001,3.7861694130000001,23.165700910000002,0.00029428400000000002,False,0.018000000000000002,3.1909051304437437,2.1892338727058882,0.55050439685161734,0.0001062941763601128,3.4025409185849105,5.5325311255417136,84.959383150429289,0.0049513936580575669,21.052138094934339,0.072973039964290665,0.0020784851294733753,0.61109082366763023,0.0011142090795352921,0.68614234876139424,0.32571017724901036,0.55050439685161734,0.2278379132414752,110.65062251083427,1.3135403236235328,0.35958252308438426,19.245232680309027,0.073712039973038809,5.7259395856628067e-10,1.0009753298287362e-06,97.684335386911556,1059.0339416411903,4.0950078543372985,3.4524574709486031,0.023720593070523491,3.3480554487531511e-07,45.164874620457226
44,1,MS,1,sheath,StemElement,8.8484449070000011,0.00029999999999999997,2.4274488180000002,21.236138919999998,0.000174251,False,0.01,1.4738163631880912,1.1669150247666413,0.43591012750984653,6.6523169782834994e-05,1.7968796717546511,1.2554370470542593,37.790510563303606,0.0010831206802641149,5.5506613445627657,0.027702167049081492,0.00026829874675034617,0.2745290465741218,0.00042298538398531801,0.30249951236995365,0.12364882581019643,0.43591012750984653,0.23341126387837483,45.195733693953336,1.2602682267479726,0.12841898616463249,4.4716457791724364,0.027983182066099239,7.8270183817015129e-09,1.2129252560052941e-05,38.78231485327764,507.50659936487858,2.7981986918264132,3.217137892547191,0.0090050102378267747,3.6082806883292701e-07,24.699267463514168
44,1,MS,2,blade,LeafElement1,22.29030994,0.00059999999999999995,3.993902098,23.3512056,0.00028853,False,0.02,3.4957590898760453,2.3772598618705745,0.5892285080200439,0.00011053001424711649,3.8698952815780143,6.0518244899934439,95.00959211533511,0.005429958275436738,23.153123257157521,0.075471691039783448,0.0025396316211830118,0.68947749643663259,0.00115236057233594,0.76748881909759903,0.33686277841754153,0.5892285080200439,0.24313283183454978,108.93284081988199,1.2837203254101102,0.36882245048978879,21.163596843191765,0.076236004652563194,5.9063651344882751e-10,1.0359392122251509e-06,96.430218796471109,1049.2696495915261,3.8117015676658306,3.4348483579101741,0.024532806911156183,3.4903733986455614e-07,50.222797228596917
44,1,MS,2,sheath,StemElement,0.0,0.00036000000000000002,0.0,0.0,1.26e-06,False,0.012,0.94590347392075136,1.1191882013705734,3.2231492846429926,0.0,1.9498508303399473,0.0,32.85820084381961,0.0,0.0,0.0,0,0.065346536740676378,0.0,0.065346536740676378,0.0,3.2231492846429926,0.3109337139110574,0,1.0072693812335163,-0.029491030500585456,-1.9280639391514474,0.0,0.015,19.108089855742179,0.0,0.0,0,2.3802928795485481,0.0,5.3155128428781324e-07,28.610040018546414
44,1,MS,3,blade,LeafElement1,25.667466749999999,0.00066,3.9908965260000002,23.234221479999999,0.00022900700000000001,False,0.022000000000000002,3.478219558725157,2.4621615612053702,0.50802634763764276,9.7901972860175689e-05,4.2723168492336647,5.3464616432797678,100.23965678413585,0.0046797656708702151,21.1609064088621,0.059856816056560451,0.002525191173197557,0.7396446205730014,0.00091394324072968213,0.80202662780275946,0.26716764420709499,0.50802634763764276,0.27179301650520493,87.487554162759835,1.2086974936826362,0.28092627567899026,19.13023616058755,0.060463176912768181,1.0644022376437605e-09,1.8269775541367786e-06,75.772084613367355,877.46677245614467,2.748246834552821,3.3077948858555177,0.019457098403780865,3.8877203674284909e-07,54.893393550815965
44,1,MS,3,sheath,StemElement,0.0,0.00042000000000000002,0.0,0.0,4.0600000000000001e-06,False,0.013999999999999999,1.0979924188388381,1.3057195682656704,4.1491777719938145,0.0,2.288009550812089,0.0,38.090807097498661,0.0,0.0,0.0,0,0.076079135324877797,0.0,0.076079135324877797,0.0,4.1491777719938145,0.31273570676492907,0,1.0072693812335174,-0.03347410141689091,-2.2485574001372073,0.0,0.015,19.029403503385691,0.0,0.0,0,2.3735696782001545,0.0,5.3155128428781218e-07,33.386001969650927
44,1,MS,4,blade,LeafElement1,9.7591630000000009,7.5599999999999994e-05,3.3102228439999997,21.519185350000001,8.5099999999999995e-05,True,0.0023476960000000002,0.22446731971806899,0.025578875925868765,0.015339852924910463,2.5777015136552314e-05,0.094197193895967118,0.73147062324177137,7.2342463683041878,0.0007181837751531635,2.9898171766799999,0.018449428824969569,3.6725007404711038e-05,0.060085427603695861,0.00028169996402439997,0.07857158143607014,0.082347691199657763,0.015339852924910463,0.34696275170155766,112.16504367134317,0.11766934901255639,0.093101924670020209,2.6071665869225993,0.018636250044947199,5.1099656609204725e-10,7.0142951152843641e-07,108.46853341089336,1140.1435912026502,7.9379045208103829,2.6394296155929919,0.0059971600818320625,2.4020621900500576e-06,5.7186645136140362
48,1,MS,1,blade,LeafElement1,0.0,0.00054000000000000001,0.34820275700000003,15.615844699999998,0.00029428400000000002,False,0.018000000000000002,2.4843274963515256,2.1349455360306142,0.51227368752380298,0.095156325239043604,3.6203706468817498,1.3125036709624929,59.658983236757528,-3.8740865296255301e-06,0.0,0.0,0.00027539649432391483,0.3271164960723924,0.00010247050014098802,0.3273918925667163,0.10922092470440292,0.51227368752380298,0.25371082555069779,26.250073419249855,1.2809673216183683,0.15208587928017261,2.5499675400362478,0.024635131840494363,2.4615303420595533e-07,0.00035324884564595763,0.0,0.0,0,3.1312658735175081,0.018108361949784879,3.5039344075063238e-07,44.676126714661848
48,1,MS,1,sheath,StemElement,0.0,0.00029999999999999997,0.33651947799999998,15.29560161,0.000174251,False,0.01,1.2479401786167847,1.1394789603086042,0.41885323792043733,0.054464579410478768,1.9105273136399079,0.29782971283384158,31.334651478596129,-5.8060415359432749e-06,0.0,0.0,4.0914047288952893e-05,0.17164223164160103,5.8638855560977997e-05,0.17168314568888998,0.062501793386056798,0.41885323792043733,0.25897365884693729,10.721869662018298,1.2306372771332925,0.065355845352558728,0.68190078814921495,0.014097481087072115,2.2068422239462982e-06,0.0030607160726040267,0.0,0.0,0,2.9978008439162473,0.010362529892587164,3.765302225406506e-07,24.587038920828121
48,1,MS,2,blade,LeafElement1,0.0,0.00059999999999999995,0.34987338400000001,15.661660899999999,0.00028853,False,0.02,2.7325218949170513,2.3144544242921237,0.5439410413244905,0.093748330128304774,4.1095277504126644,1.4356977580217531,66.625516033217636,-3.6995701110047639e-06,0.0,0.0,0.00034784177143073921,0.36552746986668355,0.00010094896748552,0.36587531163811426,0.10759915840708306,0.5439410413244905,0.27093327359726205,25.842559644391557,1.2498053891177467,0.15646196070447296,2.8986814285894931,0.024269337221403994,2.2986911760297751e-07,0.00033088890706537539,0.0,0.0,0,3.1179186404610824,0.017839480037373765,3.6626711017269007e-07,49.69919250247257
48,1,MS,2,sheath,StemElement,0.0,0.00036000000000000002,0.0,0.0,1.26e-06,False,0.012,0.95602691627379188,1.0718736261368957,4.0016959345287662,0.0,2.048669096734264,0.0,35.646044394402615,0.0,0.0,0.0,0,0.067578695755429491,0.0,0.067578695755429491,0.0,4.0016959345287662,0.35063297563204077,0,0.96468626352320608,-0.024305585831683005,-0.1854583536167872,0.0,0.015,20.125101978711722,0.0,0.0,0,2.3944716593801978,0.0,5.7050530381077925e-07,28.718981727293773
48,1,MS,3,blade,LeafElement1,0.0,0.00066,0.35146066299999995,15.705197220000001,0.00022900700000000001,False,0.022000000000000002,2.8182582555482236,2.3881261622858858,0.46524873248662901,0.074756855215109344,4.5243432506514338,1.2683573522794296,72.857623279145514,-7.7358884683100784e-06,0.0,0.0,0.00038115707295447549,0.39993909075214396,8.0486952051640989e-05,0.40032024782509845,0.085789171689646504,0.46524873248662901,0.30375669154225476,20.754938491845209,1.1723528433039803,0.12546294876124164,2.88755358298845,0.019350024372903445,3.0950501236573965e-07,0.00044394801311780746,0.0,0.0,0,3.0326447554058458,0.01422347756652652,4.102895801486651e-07,54.485458649056802
48,1,MS,3,sheath,StemElement,0.0,0.00042000000000000002,0.0,0.0,4.0600000000000001e-06,False,0.013999999999999999,1.1078074985981692,1.2505192304930446,5.0222588622737696,0.0,2.4027408702216104,0.0,41.484144173168225,0.0,0.0,0.0,0,0.078789478047250963,0.0,0.078789478047250963,0.0,4.1134084263798849,0.35248536260854874,0,0.96468626352320597,-0.027991164305204656,-0.2516943316721485,0.0,0.015,20.09383309138088,0.0,0.0,0,2.385414548674115,0.0,5.7050530381077935e-07,33.510548368819776
48,1,MS,4,blade,LeafElement1,0.0,8.9599999999999996e-05,0.35285775600000002,15.743521940000001,0.00010079799999999999,True,0.0027820240000000001,0.26037253046964448,0.037778633251196493,0.048751154095474987,0.03301814008977072,0.11971895753988381,0.17353089361602142,8.3568604112008167,-3.4112225978735265e-05,0.0,0.0,2.6353565302973072e-06,0.04745057385958007,3.5567356089288e-05,0.047453209216110369,0.037910418276654222,0.048751154095474987,0.36374579335934204,22.455277776815624,0.14665913705738057,0.034363688904428043,0.15788005005811756,0.0085508171158709782,3.8281483680924892e-06,0.0051721734800611718,0.0,0.0,0,2.6106147631305809,0.0062853851281641877,2.3479747620301213e-06,6.7800914880095275
