t,plant,axis,volume,Tsoil,nitrates,Conc_Nitrates_Soil
0.000000,1,MS,1.000000,15.000000,321428.571430,321428.571430
1.000000,1,MS,1.000000,15.000000,317800.991985,317800.991985
2.000000,1,MS,1.000000,15.000000,314320.721420,314320.721420
3.000000,1,MS,1.000000,15.000000,310968.698131,310968.698131
4.000000,1,MS,1.000000,15.000000,307728.332854,307728.332854
5.000000,1,MS,1.000000,15.000000,304592.878602,304592.878602
6.000000,1,MS,1.000000,15.000000,301550.922448,301550.922448
7.000000,1,MS,1.000000,15.000000,298598.931799,298598.931799
8.000000,1,MS,1.000000,15.000000,295727.762026,295727.762026
9.000000,1,MS,1.000000,15.000000,292934.866293,292934.866293
10.000000,1,MS,1.000000,15.000000,290211.875576,290211.875576
11.000000,1,MS,1.000000,15.000000,287557.027854,287557.027854
12.000000,1,MS,1.000000,15.000000,284962.648688,284962.648688
13.000000,1,MS,1.000000,15.000000,282426.813780,282426.813780
14.000000,1,MS,1.000000,15.000000,279941.588694,279941.588694
15.000000,1,MS,1.000000,15.000000,277506.754129,277506.754129
16.000000,1,MS,1.000000,15.000000,275116.095153,275116.095153
17.000000,1,MS,1.000000,15.000000,272769.726167,272769.726167
18.000000,1,MS,1.000000,15.000000,270462.009402,270462.009402
19.000000,1,MS,1.000000,15.000000,268194.509338,268194.509338
20.000000,1,MS,1.000000,15.000000,265963.146386,265963.146386
21.000000,1,MS,1.000000,15.000000,263770.526138,263770.526138
22.000000,1,MS,1.000000,15.000000,261613.633438,261613.633438
23.000000,1,MS,1.000000,15.000000,259493.562017,259493.562017
24.000000,1,MS,1.000000,15.000000,257405.891920,257405.891920
25.000000,1,MS,1.000000,15.000000,255352.683740,255352.683740
26.000000,1,MS,1.000000,15.000000,253330.484914,253330.484914
27.000000,1,MS,1.000000,15.000000,251340.690907,251340.690907
28.000000,1,MS,1.000000,15.000000,249379.299864,249379.299864
29.000000,1,MS,1.000000,15.000000,247448.504169,247448.504169
30.000000,1,MS,1.000000,15.000000,245545.138059,245545.138059
31.000000,1,MS,1.000000,15.000000,243669.108103,243669.108103
32.000000,1,MS,1.000000,15.000000,241815.103825,241815.103825
33.000000,1,MS,1.000000,15.000000,239984.077124,239984.077124
34.000000,1,MS,1.000000,15.000000,238171.717846,238171.717846
35.000000,1,MS,1.000000,15.000000,236379.182576,236379.182576
36.000000,1,MS,1.000000,15.000000,234602.449959,234602.449959
37.000000,1,MS,1.000000,15.000000,232842.792134,232842.792134
38.000000,1,MS,1.000000,15.000000,231096.456055,231096.456055
39.000000,1,MS,1.000000,15.000000,229364.940563,229364.940563
40.000000,1,MS,1.000000,15.000000,227644.857128,227644.857128
41.000000,1,MS,1.000000,15.000000,225938.266042,225938.266042
42.000000,1,MS,1.000000,15.000000,224242.414260,224242.414260
43.000000,1,MS,1.000000,15.000000,222560.161090,222560.161090
44.000000,1,MS,1.000000,15.000000,220889.610514,220889.610514
45.000000,1,MS,1.000000,15.000000,219233.866423,219233.866423
46.000000,1,MS,1.000000,15.000000,217591.314133,217591.314133
47.000000,1,MS,1.000000,15.000000,215964.567843,215964.567843
48.000000,1,MS,1.000000,15.000000,214351.583791,214351.583791
49.000000,1,MS,1.000000,15.000000,212754.370643,212754.370643
50.000000,1,MS,1.000000,15.000000,211170.366818,211170.366818
51.000000,1,MS,1.000000,15.000000,209601.659584,209601.659584
52.000000,1,MS,1.000000,15.000000,208045.837415,208045.837415
53.000000,1,MS,1.000000,15.000000,206504.960512,206504.960512
54.000000,1,MS,1.000000,15.000000,204976.666488,204976.666488
55.000000,1,MS,1.000000,15.000000,203671.566383,203671.566383
56.000000,1,MS,1.000000,15.000000,202166.680806,202166.680806
57.000000,1,MS,1.000000,15.000000,200674.134406,200674.134406
58.000000,1,MS,1.000000,15.000000,199190.974781,199190.974781
59.000000,1,MS,1.000000,15.000000,197718.090228,197718.090228
60.000000,1,MS,1.000000,15.000000,196252.126114,196252.126114
61.000000,1,MS,1.000000,15.000000,194794.537575,194794.537575
62.000000,1,MS,1.000000,15.000000,193342.586222,193342.586222
63.000000,1,MS,1.000000,15.000000,191898.091115,191898.091115
64.000000,1,MS,1.000000,15.000000,190458.782642,190458.782642
65.000000,1,MS,1.000000,15.000000,189026.682402,189026.682402
66.000000,1,MS,1.000000,15.000000,187599.804100,187599.804100
67.000000,1,MS,1.000000,15.000000,186180.936085,186180.936085
68.000000,1,MS,1.000000,15.000000,184768.903232,184768.903232
69.000000,1,MS,1.000000,15.000000,183366.170912,183366.170912
70.000000,1,MS,1.000000,15.000000,181971.295967,181971.295967
71.000000,1,MS,1.000000,15.000000,180586.274699,180586.274699
72.000000,1,MS,1.000000,15.000000,179209.254829,179209.254829
73.000000,1,MS,1.000000,15.000000,177841.958589,177841.958589
74.000000,1,MS,1.000000,15.000000,176482.323780,176482.323780
75.000000,1,MS,1.000000,15.000000,175132.162720,175132.162720
76.000000,1,MS,1.000000,15.000000,173789.559567,173789.559567
77.000000,1,MS,1.000000,15.000000,172456.554919,172456.554919
78.000000,1,MS,1.000000,15.000000,171131.512935,171131.512935
79.000000,1,MS,1.000000,15.000000,169815.985657,169815.985657
80.000000,1,MS,1.000000,15.000000,168507.919714,168507.919714
81.000000,1,MS,1.000000,15.000000,167208.641847,167208.641847
82.000000,1,MS,1.000000,15.000000,165915.922359,165915.922359
83.000000,1,MS,1.000000,15.000000,164631.260144,164631.260144
84.000000,1,MS,1.000000,15.000000,163352.643018,163352.643018
85.000000,1,MS,1.000000,15.000000,162081.179699,162081.179699
86.000000,1,MS,1.000000,15.000000,160814.530342,160814.530342
87.000000,1,MS,1.000000,15.000000,159554.282252,159554.282252
88.000000,1,MS,1.000000,15.000000,158298.619740,158298.619740
89.000000,1,MS,1.000000,15.000000,157049.367194,157049.367194
90.000000,1,MS,1.000000,15.000000,155805.006541,155805.006541
91.000000,1,MS,1.000000,15.000000,154567.760041,154567.760041
92.000000,1,MS,1.000000,15.000000,153336.547855,153336.547855
93.000000,1,MS,1.000000,15.000000,152113.186718,152113.186718
94.000000,1,MS,1.000000,15.000000,150896.245688,150896.245688
95.000000,1,MS,1.000000,15.000000,149687.508887,149687.508887
96.000000,1,MS,1.000000,15.000000,148485.556473,148485.556473
97.000000,1,MS,1.000000,15.000000,147291.988122,147291.988122
98.000000,1,MS,1.000000,15.000000,146105.251136,146105.251136
99.000000,1,MS,1.000000,15.000000,144926.660585,144926.660585
100.000000,1,MS,1.000000,15.000000,143754.434874,143754.434874
101.000000,1,MS,1.000000,15.000000,142590.096456,142590.096456
102.000000,1,MS,1.000000,15.000000,141432.110664,141432.110664
103.000000,1,MS,1.000000,15.000000,140280.835312,140280.835312
104.000000,1,MS,1.000000,15.000000,139133.632345,139133.632345
105.000000,1,MS,1.000000,15.000000,137990.776696,137990.776696
106.000000,1,MS,1.000000,15.000000,136849.556459,136849.556459
107.000000,1,MS,1.000000,15.000000,135711.169982,135711.169982
108.000000,1,MS,1.000000,15.000000,134573.846938,134573.846938
109.000000,1,MS,1.000000,15.000000,133439.334552,133439.334552
110.000000,1,MS,1.000000,15.000000,132306.484455,132306.484455
111.000000,1,MS,1.000000,15.000000,131176.691741,131176.691741
112.000000,1,MS,1.000000,15.000000,130048.488310,130048.488310
113.000000,1,MS,1.000000,15.000000,128923.793612,128923.793612
114.000000,1,MS,1.000000,15.000000,127801.701412,127801.701412
115.000000,1,MS,1.000000,15.000000,126683.855234,126683.855234
116.000000,1,MS,1.000000,15.000000,125569.114166,125569.114166
117.000000,1,MS,1.000000,15.000000,124459.466199,124459.466199
118.000000,1,MS,1.000000,15.000000,123354.133332,123354.133332
119.000000,1,MS,1.000000,15.000000,122254.822459,122254.822459
120.000000,1,MS,1.000000,15.000000,121160.518115,121160.518115
121.000000,1,MS,1.000000,15.000000,120072.867306,120072.867306
122.000000,1,MS,1.000000,15.000000,118990.836417,118990.836417
123.000000,1,MS,1.000000,15.000000,117915.530132,117915.530132
124.000000,1,MS,1.000000,15.000000,116845.429688,116845.429688
125.000000,1,MS,1.000000,15.000000,115781.955778,115781.955778
126.000000,1,MS,1.000000,15.000000,114723.936274,114723.936274
127.000000,1,MS,1.000000,15.000000,113672.313948,113672.313948
128.000000,1,MS,1.000000,15.000000,112625.486584,112625.486584
129.000000,1,MS,1.000000,15.000000,111583.621890,111583.621890
130.000000,1,MS,1.000000,15.000000,110544.390937,110544.390937
131.000000,1,MS,1.000000,15.000000,109510.183905,109510.183905
132.000000,1,MS,1.000000,15.000000,108480.871088,108480.871088
133.000000,1,MS,1.000000,15.000000,107456.919284,107456.919284
134.000000,1,MS,1.000000,15.000000,106436.370966,106436.370966
135.000000,1,MS,1.000000,15.000000,105419.972389,105419.972389
136.000000,1,MS,1.000000,15.000000,104406.070016,104406.070016
137.000000,1,MS,1.000000,15.000000,103395.786649,103395.786649
138.000000,1,MS,1.000000,15.000000,102387.875206,102387.875206
139.000000,1,MS,1.000000,15.000000,101383.820148,101383.820148
140.000000,1,MS,1.000000,15.000000,100382.762751,100382.762751
141.000000,1,MS,1.000000,15.000000,99386.274601,99386.274601
142.000000,1,MS,1.000000,15.000000,98393.613630,98393.613630
143.000000,1,MS,1.000000,15.000000,97406.206253,97406.206253
144.000000,1,MS,1.000000,15.000000,96423.198431,96423.198431
145.000000,1,MS,1.000000,15.000000,95445.997665,95445.997665
146.000000,1,MS,1.000000,15.000000,94473.762315,94473.762315
147.000000,1,MS,1.000000,15.000000,93507.612966,93507.612966
148.000000,1,MS,1.000000,15.000000,92546.462644,92546.462644
149.000000,1,MS,1.000000,15.000000,91591.392978,91591.392978
150.000000,1,MS,1.000000,15.000000,90641.312443,90641.312443
151.000000,1,MS,1.000000,15.000000,89696.463630,89696.463630
152.000000,1,MS,1.000000,15.000000,88754.962983,88754.962983
153.000000,1,MS,1.000000,15.000000,87817.503453,87817.503453
154.000000,1,MS,1.000000,15.000000,86882.665670,86882.665670
155.000000,1,MS,1.000000,15.000000,85951.248483,85951.248483
156.000000,1,MS,1.000000,15.000000,85021.955804,85021.955804
157.000000,1,MS,1.000000,15.000000,84095.267709,84095.267709
158.000000,1,MS,1.000000,15.000000,83169.601758,83169.601758
159.000000,1,MS,1.000000,15.000000,82245.765632,82245.765632
160.000000,1,MS,1.000000,15.000000,81322.538321,81322.538321
161.000000,1,MS,1.000000,15.000000,80400.916616,80400.916616
162.000000,1,MS,1.000000,15.000000,79479.907907,79479.907907
163.000000,1,MS,1.000000,15.000000,78560.821436,78560.821436
164.000000,1,MS,1.000000,15.000000,77643.002215,77643.002215
165.000000,1,MS,1.000000,15.000000,76728.601344,76728.601344
166.000000,1,MS,1.000000,15.000000,75817.808596,75817.808596
167.000000,1,MS,1.000000,15.000000,74911.857648,74911.857648
168.000000,1,MS,1.000000,15.000000,74010.070482,74010.070482
169.000000,1,MS,1.000000,15.000000,73112.996044,73112.996044
170.000000,1,MS,1.000000,15.000000,72219.321172,72219.321172
171.000000,1,MS,1.000000,15.000000,71330.021011,71330.021011
172.000000,1,MS,1.000000,15.000000,70444.227810,70444.227810
173.000000,1,MS,1.000000,15.000000,69562.825816,69562.825816
174.000000,1,MS,1.000000,15.000000,68684.890404,68684.890404
175.000000,1,MS,1.000000,15.000000,67810.193339,67810.193339
176.000000,1,MS,1.000000,15.000000,66936.751717,66936.751717
177.000000,1,MS,1.000000,15.000000,66065.164458,66065.164458
178.000000,1,MS,1.000000,15.000000,65194.275739,65194.275739
179.000000,1,MS,1.000000,15.000000,64324.640989,64324.640989
180.000000,1,MS,1.000000,15.000000,63455.090074,63455.090074
181.000000,1,MS,1.000000,15.000000,62586.435166,62586.435166
182.000000,1,MS,1.000000,15.000000,61717.792086,61717.792086
183.000000,1,MS,1.000000,15.000000,60850.058691,60850.058691
184.000000,1,MS,1.000000,15.000000,59982.472316,59982.472316
185.000000,1,MS,1.000000,15.000000,59116.103174,59116.103174
186.000000,1,MS,1.000000,15.000000,58250.390770,58250.390770
187.000000,1,MS,1.000000,15.000000,57386.741029,57386.741029
188.000000,1,MS,1.000000,15.000000,56524.953512,56524.953512
189.000000,1,MS,1.000000,15.000000,55666.267115,55666.267115
190.000000,1,MS,1.000000,15.000000,54810.346841,54810.346841
191.000000,1,MS,1.000000,15.000000,53958.130174,53958.130174
192.000000,1,MS,1.000000,15.000000,53109.019822,53109.019822
193.000000,1,MS,1.000000,15.000000,52264.912923,52264.912923
194.000000,1,MS,1.000000,15.000000,51426.165334,51426.165334
195.000000,1,MS,1.000000,15.000000,50593.604979,50593.604979
196.000000,1,MS,1.000000,15.000000,49766.595757,49766.595757
197.000000,1,MS,1.000000,15.000000,48945.958390,48945.958390
198.000000,1,MS,1.000000,15.000000,48131.086195,48131.086195
199.000000,1,MS,1.000000,15.000000,47321.551832,47321.551832
200.000000,1,MS,1.000000,15.000000,46515.582261,46515.582261
201.000000,1,MS,1.000000,15.000000,45713.491101,45713.491101
202.000000,1,MS,1.000000,15.000000,44914.243701,44914.243701
203.000000,1,MS,1.000000,15.000000,44118.474975,44118.474975
204.000000,1,MS,1.000000,15.000000,43325.500507,43325.500507
205.000000,1,MS,1.000000,15.000000,42535.881563,42535.881563
206.000000,1,MS,1.000000,15.000000,41748.901915,41748.901915
207.000000,1,MS,1.000000,15.000000,40965.374541,40965.374541
208.000000,1,MS,1.000000,15.000000,40184.867963,40184.867963
209.000000,1,MS,1.000000,15.000000,39408.439405,39408.439405
210.000000,1,MS,1.000000,15.000000,38635.933393,38635.933393
211.000000,1,MS,1.000000,15.000000,37868.597467,37868.597467
212.000000,1,MS,1.000000,15.000000,37106.487882,37106.487882
213.000000,1,MS,1.000000,15.000000,36350.871474,36350.871474
214.000000,1,MS,1.000000,15.000000,35601.853363,35601.853363
215.000000,1,MS,1.000000,15.000000,34860.021901,34860.021901
216.000000,1,MS,1.000000,15.000000,34124.875463,34124.875463
217.000000,1,MS,1.000000,15.000000,33396.937370,33396.937370
218.000000,1,MS,1.000000,15.000000,32675.682261,32675.682261
219.000000,1,MS,1.000000,15.000000,31961.753267,31961.753267
220.000000,1,MS,1.000000,15.000000,31254.775669,31254.775669
221.000000,1,MS,1.000000,15.000000,30555.265873,30555.265873
222.000000,1,MS,1.000000,15.000000,29862.767362,29862.767362
223.000000,1,MS,1.000000,15.000000,29177.393428,29177.393428
224.000000,1,MS,1.000000,15.000000,28498.343984,28498.343984
225.000000,1,MS,1.000000,15.000000,27825.983895,27825.983895
226.000000,1,MS,1.000000,15.000000,27159.784348,27159.784348
227.000000,1,MS,1.000000,15.000000,26500.240951,26500.240951
228.000000,1,MS,1.000000,15.000000,25846.987840,25846.987840
229.000000,1,MS,1.000000,15.000000,25200.329968,25200.329968
230.000000,1,MS,1.000000,15.000000,24559.761020,24559.761020
231.000000,1,MS,1.000000,15.000000,23925.831209,23925.831209
232.000000,1,MS,1.000000,15.000000,23298.302891,23298.302891
233.000000,1,MS,1.000000,15.000000,22677.793505,22677.793505
234.000000,1,MS,1.000000,15.000000,22064.168378,22064.168378
235.000000,1,MS,1.000000,15.000000,21458.184122,21458.184122
236.000000,1,MS,1.000000,15.000000,20859.870691,20859.870691
237.000000,1,MS,1.000000,15.000000,20270.091939,20270.091939
238.000000,1,MS,1.000000,15.000000,19689.005618,19689.005618
239.000000,1,MS,1.000000,15.000000,19117.110521,19117.110521
240.000000,1,MS,1.000000,15.000000,18554.260173,18554.260173
241.000000,1,MS,1.000000,15.000000,18001.005668,18001.005668
242.000000,1,MS,1.000000,15.000000,17457.278646,17457.278646
243.000000,1,MS,1.000000,15.000000,16923.419750,16923.419750
244.000000,1,MS,1.000000,15.000000,16399.201717,16399.201717
245.000000,1,MS,1.000000,15.000000,15884.942485,15884.942485
246.000000,1,MS,1.000000,15.000000,15380.425730,15380.425730
247.000000,1,MS,1.000000,15.000000,14885.620621,14885.620621
248.000000,1,MS,1.000000,15.000000,14400.027919,14400.027919
249.000000,1,MS,1.000000,15.000000,13923.754905,13923.754905
250.000000,1,MS,1.000000,15.000000,13456.458238,13456.458238
251.000000,1,MS,1.000000,15.000000,12998.382269,12998.382269
252.000000,1,MS,1.000000,15.000000,12549.338965,12549.338965
253.000000,1,MS,1.000000,15.000000,12109.825285,12109.825285
254.000000,1,MS,1.000000,15.000000,11679.904383,11679.904383
255.000000,1,MS,1.000000,15.000000,11259.732322,11259.732322
256.000000,1,MS,1.000000,15.000000,10849.096491,10849.096491
257.000000,1,MS,1.000000,15.000000,10448.149107,10448.149107
258.000000,1,MS,1.000000,15.000000,10056.697574,10056.697574
259.000000,1,MS,1.000000,15.000000,9675.086159,9675.086159
260.000000,1,MS,1.000000,15.000000,9303.312751,9303.312751
261.000000,1,MS,1.000000,15.000000,8941.638802,8941.638802
262.000000,1,MS,1.000000,15.000000,8590.008460,8590.008460
263.000000,1,MS,1.000000,15.000000,8248.539763,8248.539763
264.000000,1,MS,1.000000,15.000000,7917.069751,7917.069751
265.000000,1,MS,1.000000,15.000000,7595.641978,7595.641978
266.000000,1,MS,1.000000,15.000000,7284.047094,7284.047094
267.000000,1,MS,1.000000,15.000000,6982.278365,6982.278365
268.000000,1,MS,1.000000,15.000000,6690.100984,6690.100984
269.000000,1,MS,1.000000,15.000000,6407.468617,6407.468617
270.000000,1,MS,1.000000,15.000000,6134.129396,6134.129396
271.000000,1,MS,1.000000,15.000000,5869.949740,5869.949740
272.000000,1,MS,1.000000,15.000000,5614.619724,5614.619724
273.000000,1,MS,1.000000,15.000000,5367.989032,5367.989032
274.000000,1,MS,1.000000,15.000000,5129.750164,5129.750164
275.000000,1,MS,1.000000,15.000000,4899.836782,4899.836782
276.000000,1,MS,1.000000,15.000000,4678.027577,4678.027577
277.000000,1,MS,1.000000,15.000000,4464.223891,4464.223891
278.000000,1,MS,1.000000,15.000000,4258.190347,4258.190347
279.000000,1,MS,1.000000,15.000000,4059.840142,4059.840142
280.000000,1,MS,1.000000,15.000000,3868.959658,3868.959658
281.000000,1,MS,1.000000,15.000000,3685.423862,3685.423862
282.000000,1,MS,1.000000,15.000000,3508.997629,3508.997629
283.000000,1,MS,1.000000,15.000000,3339.609797,3339.609797
284.000000,1,MS,1.000000,15.000000,3177.080060,3177.080060
285.000000,1,MS,1.000000,15.000000,3021.299818,3021.299818
286.000000,1,MS,1.000000,15.000000,2872.066538,2872.066538
287.000000,1,MS,1.000000,15.000000,2729.244731,2729.244731
288.000000,1,MS,1.000000,15.000000,2592.617534,2592.617534
289.000000,1,MS,1.000000,15.000000,2462.007935,2462.007935
290.000000,1,MS,1.000000,15.000000,2337.173450,2337.173450
291.000000,1,MS,1.000000,15.000000,2217.964460,2217.964460
292.000000,1,MS,1.000000,15.000000,2104.168845,2104.168845
293.000000,1,MS,1.000000,15.000000,1995.612764,1995.612764
294.000000,1,MS,1.000000,15.000000,1892.071951,1892.071951
295.000000,1,MS,1.000000,15.000000,1828.473136,1828.473136
296.000000,1,MS,1.000000,15.000000,1732.694500,1732.694500
297.000000,1,MS,1.000000,15.000000,1641.394565,1641.394565
298.000000,1,MS,1.000000,15.000000,1554.370604,1554.370604
299.000000,1,MS,1.000000,15.000000,1471.479773,1471.479773
300.000000,1,MS,1.000000,15.000000,1392.543328,1392.543328
301.000000,1,MS,1.000000,15.000000,1317.410607,1317.410607
302.000000,1,MS,1.000000,15.000000,1245.902085,1245.902085
303.000000,1,MS,1.000000,15.000000,1177.913296,1177.913296
304.000000,1,MS,1.000000,15.000000,1113.307446,1113.307446
305.000000,1,MS,1.000000,15.000000,1051.965221,1051.965221
306.000000,1,MS,1.000000,15.000000,993.742303,993.742303
307.000000,1,MS,1.000000,15.000000,938.505784,938.505784
308.000000,1,MS,1.000000,15.000000,886.104744,886.104744
309.000000,1,MS,1.000000,15.000000,836.426999,836.426999
310.000000,1,MS,1.000000,15.000000,789.342489,789.342489
311.000000,1,MS,1.000000,15.000000,744.740684,744.740684
312.000000,1,MS,1.000000,15.000000,702.496661,702.496661
313.000000,1,MS,1.000000,15.000000,662.501332,662.501332
314.000000,1,MS,1.000000,15.000000,624.634604,624.634604
315.000000,1,MS,1.000000,15.000000,588.799969,588.799969
316.000000,1,MS,1.000000,15.000000,554.890784,554.890784
317.000000,1,MS,1.000000,15.000000,522.819291,522.819291
318.000000,1,MS,1.000000,15.000000,492.488838,492.488838
319.000000,1,MS,1.000000,15.000000,463.813785,463.813785
320.000000,1,MS,1.000000,15.000000,436.701881,436.701881
321.000000,1,MS,1.000000,15.000000,411.081381,411.081381
322.000000,1,MS,1.000000,15.000000,386.873660,386.873660
323.000000,1,MS,1.000000,15.000000,364.005991,364.005991
324.000000,1,MS,1.000000,15.000000,342.401219,342.401219
325.000000,1,MS,1.000000,15.000000,321.998450,321.998450
326.000000,1,MS,1.000000,15.000000,302.732089,302.732089
327.000000,1,MS,1.000000,15.000000,284.546276,284.546276
328.000000,1,MS,1.000000,15.000000,267.381312,267.381312
329.000000,1,MS,1.000000,15.000000,251.187509,251.187509
330.000000,1,MS,1.000000,15.000000,235.911746,235.911746
331.000000,1,MS,1.000000,15.000000,221.511319,221.511319
332.000000,1,MS,1.000000,15.000000,207.940074,207.940074
333.000000,1,MS,1.000000,15.000000,195.157142,195.157142
334.000000,1,MS,1.000000,15.000000,183.119079,183.119079
335.000000,1,MS,1.000000,15.000000,171.787089,171.787089
336.000000,1,MS,1.000000,15.000000,161.120544,161.120544
337.000000,1,MS,1.000000,15.000000,151.085926,151.085926
338.000000,1,MS,1.000000,15.000000,141.647823,141.647823
339.000000,1,MS,1.000000,15.000000,132.774402,132.774402
340.000000,1,MS,1.000000,15.000000,124.432561,124.432561
341.000000,1,MS,1.000000,15.000000,116.593398,116.593398
342.000000,1,MS,1.000000,15.000000,109.227024,109.227024
343.000000,1,MS,1.000000,15.000000,102.305918,102.305918
344.000000,1,MS,1.000000,15.000000,95.802104,95.802104
345.000000,1,MS,1.000000,15.000000,89.691279,89.691279
346.000000,1,MS,1.000000,15.000000,83.948757,83.948757
347.000000,1,MS,1.000000,15.000000,78.554129,78.554129
348.000000,1,MS,1.000000,15.000000,73.486450,73.486450
349.000000,1,MS,1.000000,15.000000,68.727706,68.727706
350.000000,1,MS,1.000000,15.000000,64.259415,64.259415
351.000000,1,MS,1.000000,15.000000,60.065569,60.065569
352.000000,1,MS,1.000000,15.000000,56.129786,56.129786
353.000000,1,MS,1.000000,15.000000,52.438341,52.438341
354.000000,1,MS,1.000000,15.000000,48.977074,48.977074
355.000000,1,MS,1.000000,15.000000,45.733693,45.733693
356.000000,1,MS,1.000000,15.000000,42.695515,42.695515
357.000000,1,MS,1.000000,15.000000,39.850881,39.850881
358.000000,1,MS,1.000000,15.000000,37.187947,37.187947
359.000000,1,MS,1.000000,15.000000,34.696103,34.696103
360.000000,1,MS,1.000000,15.000000,32.364642,32.364642
361.000000,1,MS,1.000000,15.000000,30.184188,30.184188
362.000000,1,MS,1.000000,15.000000,28.145328,28.145328
363.000000,1,MS,1.000000,15.000000,26.239591,26.239591
364.000000,1,MS,1.000000,15.000000,24.458474,24.458474
365.000000,1,MS,1.000000,15.000000,22.794450,22.794450
366.000000,1,MS,1.000000,15.000000,21.239988,21.239988
367.000000,1,MS,1.000000,15.000000,19.788154,19.788154
368.000000,1,MS,1.000000,15.000000,18.432087,18.432087
369.000000,1,MS,1.000000,15.000000,17.165787,17.165787
370.000000,1,MS,1.000000,15.000000,15.983299,15.983299
371.000000,1,MS,1.000000,15.000000,14.879409,14.879409
372.000000,1,MS,1.000000,15.000000,13.848936,13.848936
373.000000,1,MS,1.000000,15.000000,12.887280,12.887280
374.000000,1,MS,1.000000,15.000000,11.989880,11.989880
375.000000,1,MS,1.000000,15.000000,11.152740,11.152740
376.000000,1,MS,1.000000,15.000000,10.371895,10.371895
377.000000,1,MS,1.000000,15.000000,9.643862,9.643862
378.000000,1,MS,1.000000,15.000000,8.965185,8.965185
379.000000,1,MS,1.000000,15.000000,8.332819,8.332819
380.000000,1,MS,1.000000,15.000000,7.743740,7.743740
381.000000,1,MS,1.000000,15.000000,7.195308,7.195308
382.000000,1,MS,1.000000,15.000000,6.684889,6.684889
383.000000,1,MS,1.000000,15.000000,6.210025,6.210025
384.000000,1,MS,1.000000,15.000000,5.768295,5.768295
385.000000,1,MS,1.000000,15.000000,5.357456,5.357456
386.000000,1,MS,1.000000,15.000000,4.975321,4.975321
387.000000,1,MS,1.000000,15.000000,4.620020,4.620020
388.000000,1,MS,1.000000,15.000000,4.289713,4.289713
389.000000,1,MS,1.000000,15.000000,3.982752,3.982752
390.000000,1,MS,1.000000,15.000000,3.697524,3.697524
391.000000,1,MS,1.000000,15.000000,3.432558,3.432558
392.000000,1,MS,1.000000,15.000000,3.186418,3.186418
393.000000,1,MS,1.000000,15.000000,2.957830,2.957830
394.000000,1,MS,1.000000,15.000000,2.745549,2.745549
395.000000,1,MS,1.000000,15.000000,2.548473,2.548473
396.000000,1,MS,1.000000,15.000000,2.365526,2.365526
397.000000,1,MS,1.000000,15.000000,2.195749,2.195749
398.000000,1,MS,1.000000,15.000000,2.038206,2.038206
399.000000,1,MS,1.000000,15.000000,1.892064,1.892064
400.000000,1,MS,1.000000,15.000000,1.756510,1.756510
401.000000,1,MS,1.000000,15.000000,1.630823,1.630823
402.000000,1,MS,1.000000,15.000000,1.514300,1.514300
403.000000,1,MS,1.000000,15.000000,1.406318,1.406318
404.000000,1,MS,1.000000,15.000000,1.306271,1.306271
405.000000,1,MS,1.000000,15.000000,1.213615,1.213615
406.000000,1,MS,1.000000,15.000000,1.127819,1.127819
407.000000,1,MS,1.000000,15.000000,1.048409,1.048409
408.000000,1,MS,1.000000,15.000000,0.974921,0.974921
409.000000,1,MS,1.000000,15.000000,0.906943,0.906943
410.000000,1,MS,1.000000,15.000000,0.844076,0.844076
411.000000,1,MS,1.000000,15.000000,0.785953,0.785953
412.000000,1,MS,1.000000,15.000000,0.732221,0.732221
413.000000,1,MS,1.000000,15.000000,0.682563,0.682563
414.000000,1,MS,1.000000,15.000000,0.636673,0.636673
415.000000,1,MS,1.000000,15.000000,0.594271,0.594271
416.000000,1,MS,1.000000,15.000000,0.555090,0.555090
417.000000,1,MS,1.000000,15.000000,0.518894,0.518894
418.000000,1,MS,1.000000,15.000000,0.485454,0.485454
419.000000,1,MS,1.000000,15.000000,0.454565,0.454565
420.000000,1,MS,1.000000,15.000000,0.426030,0.426030
421.000000,1,MS,1.000000,15.000000,0.399677,0.399677
422.000000,1,MS,1.000000,15.000000,0.375334,0.375334
423.000000,1,MS,1.000000,15.000000,0.352855,0.352855
424.000000,1,MS,1.000000,15.000000,0.332095,0.332095
425.000000,1,MS,1.000000,15.000000,0.312929,0.312929
426.000000,1,MS,1.000000,15.000000,0.295237,0.295237
427.000000,1,MS,1.000000,15.000000,0.278911,0.278911
428.000000,1,MS,1.000000,15.000000,0.263849,0.263849
429.000000,1,MS,1.000000,15.000000,0.249957,0.249957
430.000000,1,MS,1.000000,15.000000,0.237145,0.237145
431.000000,1,MS,1.000000,15.000000,0.225333,0.225333
432.000000,1,MS,1.000000,15.000000,0.214443,0.214443
433.000000,1,MS,1.000000,15.000000,0.204408,0.204408
434.000000,1,MS,1.000000,15.000000,0.195161,0.195161
435.000000,1,MS,1.000000,15.000000,0.186646,0.186646
436.000000,1,MS,1.000000,15.000000,0.178804,0.178804
437.000000,1,MS,1.000000,15.000000,0.171585,0.171585
438.000000,1,MS,1.000000,15.000000,0.164942,0.164942
439.000000,1,MS,1.000000,15.000000,0.158829,0.158829
440.000000,1,MS,1.000000,15.000000,0.153201,0.153201
441.000000,1,MS,1.000000,15.000000,0.148022,0.148022
442.000000,1,MS,1.000000,15.000000,0.143256,0.143256
443.000000,1,MS,1.000000,15.000000,0.138870,0.138870
444.000000,1,MS,1.000000,15.000000,0.134832,0.134832
445.000000,1,MS,1.000000,15.000000,0.131116,0.131116
446.000000,1,MS,1.000000,15.000000,0.127694,0.127694
447.000000,1,MS,1.000000,15.000000,0.124542,0.124542
448.000000,1,MS,1.000000,15.000000,0.121638,0.121638
449.000000,1,MS,1.000000,15.000000,0.118962,0.118962
450.000000,1,MS,1.000000,15.000000,0.116495,0.116495
451.000000,1,MS,1.000000,15.000000,0.114222,0.114222
452.000000,1,MS,1.000000,15.000000,0.112128,0.112128
453.000000,1,MS,1.000000,15.000000,0.110199,0.110199
454.000000,1,MS,1.000000,15.000000,0.108424,0.108424
455.000000,1,MS,1.000000,15.000000,0.106793,0.106793
456.000000,1,MS,1.000000,15.000000,0.105295,0.105295
457.000000,1,MS,1.000000,15.000000,0.103922,0.103922
458.000000,1,MS,1.000000,15.000000,0.102662,0.102662
459.000000,1,MS,1.000000,15.000000,0.101511,0.101511
460.000000,1,MS,1.000000,15.000000,0.100459,0.100459
461.000000,1,MS,1.000000,15.000000,0.099502,0.099502
462.000000,1,MS,1.000000,15.000000,0.098633,0.098633
463.000000,1,MS,1.000000,15.000000,0.097847,0.097847
464.000000,1,MS,1.000000,15.000000,0.097138,0.097138
465.000000,1,MS,1.000000,15.000000,0.096503,0.096503
466.000000,1,MS,1.000000,15.000000,0.095935,0.095935
467.000000,1,MS,1.000000,15.000000,0.095433,0.095433
468.000000,1,MS,1.000000,15.000000,0.094990,0.094990
469.000000,1,MS,1.000000,15.000000,0.094604,0.094604
470.000000,1,MS,1.000000,15.000000,0.094269,0.094269
471.000000,1,MS,1.000000,15.000000,0.093982,0.093982
472.000000,1,MS,1.000000,15.000000,0.093737,0.093737
473.000000,1,MS,1.000000,15.000000,0.093531,0.093531
474.000000,1,MS,1.000000,15.000000,0.093360,0.093360
475.000000,1,MS,1.000000,15.000000,0.093224,0.093224
476.000000,1,MS,1.000000,15.000000,0.093118,0.093118
477.000000,1,MS,1.000000,15.000000,0.093044,0.093044
478.000000,1,MS,1.000000,15.000000,0.093000,0.093000
479.000000,1,MS,1.000000,15.000000,0.092986,0.092986
480.000000,1,MS,1.000000,15.000000,0.093001,0.093001
481.000000,1,MS,1.000000,15.000000,0.093048,0.093048
482.000000,1,MS,1.000000,15.000000,0.093125,0.093125
483.000000,1,MS,1.000000,15.000000,0.093235,0.093235
484.000000,1,MS,1.000000,15.000000,0.093378,0.093378
485.000000,1,MS,1.000000,15.000000,0.093555,0.093555
486.000000,1,MS,1.000000,15.000000,0.093767,0.093767
487.000000,1,MS,1.000000,15.000000,0.094016,0.094016
488.000000,1,MS,1.000000,15.000000,0.094302,0.094302
489.000000,1,MS,1.000000,15.000000,0.094626,0.094626
490.000000,1,MS,1.000000,15.000000,0.094986,0.094986
491.000000,1,MS,1.000000,15.000000,0.095382,0.095382
492.000000,1,MS,1.000000,15.000000,0.095811,0.095811
493.000000,1,MS,1.000000,15.000000,0.096272,0.096272
494.000000,1,MS,1.000000,15.000000,0.096759,0.096759
495.000000,1,MS,1.000000,15.000000,0.097272,0.097272
496.000000,1,MS,1.000000,15.000000,0.097809,0.097809
497.000000,1,MS,1.000000,15.000000,0.098366,0.098366
498.000000,1,MS,1.000000,15.000000,0.098941,0.098941
499.000000,1,MS,1.000000,15.000000,0.099533,0.099533
500.000000,1,MS,1.000000,15.000000,0.100140,0.100140
501.000000,1,MS,1.000000,15.000000,0.100764,0.100764
502.000000,1,MS,1.000000,15.000000,0.101406,0.101406
503.000000,1,MS,1.000000,15.000000,0.102068,0.102068
504.000000,1,MS,1.000000,15.000000,0.102753,0.102753
505.000000,1,MS,1.000000,15.000000,0.103466,0.103466
506.000000,1,MS,1.000000,15.000000,0.104208,0.104208
507.000000,1,MS,1.000000,15.000000,0.104986,0.104986
508.000000,1,MS,1.000000,15.000000,0.105802,0.105802
509.000000,1,MS,1.000000,15.000000,0.106662,0.106662
510.000000,1,MS,1.000000,15.000000,0.107568,0.107568
511.000000,1,MS,1.000000,15.000000,0.108526,0.108526
512.000000,1,MS,1.000000,15.000000,0.109539,0.109539
513.000000,1,MS,1.000000,15.000000,0.110610,0.110610
514.000000,1,MS,1.000000,15.000000,0.111741,0.111741
515.000000,1,MS,1.000000,15.000000,0.112933,0.112933
516.000000,1,MS,1.000000,15.000000,0.114182,0.114182
517.000000,1,MS,1.000000,15.000000,0.115486,0.115486
518.000000,1,MS,1.000000,15.000000,0.116839,0.116839
519.000000,1,MS,1.000000,15.000000,0.118237,0.118237
520.000000,1,MS,1.000000,15.000000,0.119672,0.119672
521.000000,1,MS,1.000000,15.000000,0.121140,0.121140
522.000000,1,MS,1.000000,15.000000,0.122632,0.122632
523.000000,1,MS,1.000000,15.000000,0.124147,0.124147
524.000000,1,MS,1.000000,15.000000,0.125680,0.125680
525.000000,1,MS,1.000000,15.000000,0.127235,0.127235
526.000000,1,MS,1.000000,15.000000,0.128811,0.128811
527.000000,1,MS,1.000000,15.000000,0.130417,0.130417
528.000000,1,MS,1.000000,15.000000,0.132054,0.132054
529.000000,1,MS,1.000000,15.000000,0.133732,0.133732
530.000000,1,MS,1.000000,15.000000,0.135454,0.135454
531.000000,1,MS,1.000000,15.000000,0.137230,0.137230
532.000000,1,MS,1.000000,15.000000,0.139064,0.139064
533.000000,1,MS,1.000000,15.000000,0.140964,0.140964
534.000000,1,MS,1.000000,15.000000,0.142937,0.142937
535.000000,1,MS,1.000000,15.000000,0.144987,0.144987
536.000000,1,MS,1.000000,15.000000,0.147117,0.147117
537.000000,1,MS,1.000000,15.000000,0.149325,0.149325
538.000000,1,MS,1.000000,15.000000,0.151603,0.151603
539.000000,1,MS,1.000000,15.000000,0.153936,0.153936
540.000000,1,MS,1.000000,15.000000,0.156305,0.156305
541.000000,1,MS,1.000000,15.000000,0.158688,0.158688
542.000000,1,MS,1.000000,15.000000,0.161061,0.161061
543.000000,1,MS,1.000000,15.000000,0.163405,0.163405
544.000000,1,MS,1.000000,15.000000,0.165702,0.165702
545.000000,1,MS,1.000000,15.000000,0.167945,0.167945
546.000000,1,MS,1.000000,15.000000,0.170127,0.170127
547.000000,1,MS,1.000000,15.000000,0.172249,0.172249
548.000000,1,MS,1.000000,15.000000,0.174311,0.174311
549.000000,1,MS,1.000000,15.000000,0.176319,0.176319
550.000000,1,MS,1.000000,15.000000,0.178280,0.178280
551.000000,1,MS,1.000000,15.000000,0.180205,0.180205
552.000000,1,MS,1.000000,15.000000,0.182102,0.182102
553.000000,1,MS,1.000000,15.000000,0.183985,0.183985
554.000000,1,MS,1.000000,15.000000,0.185863,0.185863
555.000000,1,MS,1.000000,15.000000,0.187748,0.187748
556.000000,1,MS,1.000000,15.000000,0.189649,0.189649
557.000000,1,MS,1.000000,15.000000,0.191577,0.191577
558.000000,1,MS,1.000000,15.000000,0.193536,0.193536
559.000000,1,MS,1.000000,15.000000,0.195532,0.195532
560.000000,1,MS,1.000000,15.000000,0.197563,0.197563
561.000000,1,MS,1.000000,15.000000,0.199621,0.199621
562.000000,1,MS,1.000000,15.000000,0.201685,0.201685
563.000000,1,MS,1.000000,15.000000,0.203733,0.203733
564.000000,1,MS,1.000000,15.000000,0.205733,0.205733
565.000000,1,MS,1.000000,15.000000,0.207657,0.207657
566.000000,1,MS,1.000000,15.000000,0.209477,0.209477
567.000000,1,MS,1.000000,15.000000,0.211169,0.211169
568.000000,1,MS,1.000000,15.000000,0.212715,0.212715
569.000000,1,MS,1.000000,15.000000,0.214104,0.214104
570.000000,1,MS,1.000000,15.000000,0.215330,0.215330
571.000000,1,MS,1.000000,15.000000,0.216396,0.216396
572.000000,1,MS,1.000000,15.000000,0.217307,0.217307
573.000000,1,MS,1.000000,15.000000,0.218074,0.218074
574.000000,1,MS,1.000000,15.000000,0.218710,0.218710
575.000000,1,MS,1.000000,15.000000,0.219234,0.219234
576.000000,1,MS,1.000000,15.000000,0.219662,0.219662
577.000000,1,MS,1.000000,15.000000,0.220016,0.220016
578.000000,1,MS,1.000000,15.000000,0.220314,0.220314
579.000000,1,MS,1.000000,15.000000,0.220575,0.220575
580.000000,1,MS,1.000000,15.000000,0.220817,0.220817
581.000000,1,MS,1.000000,15.000000,0.221057,0.221057
582.000000,1,MS,1.000000,15.000000,0.221313,0.221313
583.000000,1,MS,1.000000,15.000000,0.221597,0.221597
584.000000,1,MS,1.000000,15.000000,0.221921,0.221921
585.000000,1,MS,1.000000,15.000000,0.222289,0.222289
586.000000,1,MS,1.000000,15.000000,0.222697,0.222697
587.000000,1,MS,1.000000,15.000000,0.223132,0.223132
588.000000,1,MS,1.000000,15.000000,0.223572,0.223572
589.000000,1,MS,1.000000,15.000000,0.223995,0.223995
590.000000,1,MS,1.000000,15.000000,0.224375,0.224375
591.000000,1,MS,1.000000,15.000000,0.224692,0.224692
592.000000,1,MS,1.000000,15.000000,0.224928,0.224928
593.000000,1,MS,1.000000,15.000000,0.225070,0.225070
594.000000,1,MS,1.000000,15.000000,0.225111,0.225111
595.000000,1,MS,1.000000,15.000000,0.225052,0.225052
596.000000,1,MS,1.000000,15.000000,0.224897,0.224897
597.000000,1,MS,1.000000,15.000000,0.224656,0.224656
598.000000,1,MS,1.000000,15.000000,0.224342,0.224342
599.000000,1,MS,1.000000,15.000000,0.223971,0.223971
600.000000,1,MS,1.000000,15.000000,0.223558,0.223558
601.000000,1,MS,1.000000,15.000000,0.223122,0.223122
602.000000,1,MS,1.000000,15.000000,0.222678,0.222678
603.000000,1,MS,1.000000,15.000000,0.222244,0.222244
604.000000,1,MS,1.000000,15.000000,0.221834,0.221834
605.000000,1,MS,1.000000,15.000000,0.221464,0.221464
606.000000,1,MS,1.000000,15.000000,0.221146,0.221146
607.000000,1,MS,1.000000,15.000000,0.220894,0.220894
608.000000,1,MS,1.000000,15.000000,0.220712,0.220712
609.000000,1,MS,1.000000,15.000000,0.220605,0.220605
610.000000,1,MS,1.000000,15.000000,0.220564,0.220564
611.000000,1,MS,1.000000,15.000000,0.220578,0.220578
612.000000,1,MS,1.000000,15.000000,0.220625,0.220625
613.000000,1,MS,1.000000,15.000000,0.220686,0.220686
614.000000,1,MS,1.000000,15.000000,0.220735,0.220735
615.000000,1,MS,1.000000,15.000000,0.220753,0.220753
616.000000,1,MS,1.000000,15.000000,0.220722,0.220722
617.000000,1,MS,1.000000,15.000000,0.220629,0.220629
618.000000,1,MS,1.000000,15.000000,0.220464,0.220464
619.000000,1,MS,1.000000,15.000000,0.220224,0.220224
620.000000,1,MS,1.000000,15.000000,0.219908,0.219908
621.000000,1,MS,1.000000,15.000000,0.219525,0.219525
622.000000,1,MS,1.000000,15.000000,0.219085,0.219085
623.000000,1,MS,1.000000,15.000000,0.218602,0.218602
624.000000,1,MS,1.000000,15.000000,0.218089,0.218089
625.000000,1,MS,1.000000,15.000000,0.217563,0.217563
626.000000,1,MS,1.000000,15.000000,0.217038,0.217038
627.000000,1,MS,1.000000,15.000000,0.216531,0.216531
628.000000,1,MS,1.000000,15.000000,0.216054,0.216054
629.000000,1,MS,1.000000,15.000000,0.215622,0.215622
630.000000,1,MS,1.000000,15.000000,0.215247,0.215247
631.000000,1,MS,1.000000,15.000000,0.214942,0.214942
632.000000,1,MS,1.000000,15.000000,0.214713,0.214713
633.000000,1,MS,1.000000,15.000000,0.214566,0.214566
634.000000,1,MS,1.000000,15.000000,0.214496,0.214496
635.000000,1,MS,1.000000,15.000000,0.214497,0.214497
636.000000,1,MS,1.000000,15.000000,0.214553,0.214553
637.000000,1,MS,1.000000,15.000000,0.214656,0.214656
638.000000,1,MS,1.000000,15.000000,0.214794,0.214794
639.000000,1,MS,1.000000,15.000000,0.214961,0.214961
640.000000,1,MS,1.000000,15.000000,0.215149,0.215149
641.000000,1,MS,1.000000,15.000000,0.215358,0.215358
642.000000,1,MS,1.000000,15.000000,0.215587,0.215587
643.000000,1,MS,1.000000,15.000000,0.215838,0.215838
644.000000,1,MS,1.000000,15.000000,0.216113,0.216113
645.000000,1,MS,1.000000,15.000000,0.216415,0.216415
646.000000,1,MS,1.000000,15.000000,0.216749,0.216749
647.000000,1,MS,1.000000,15.000000,0.217123,0.217123
648.000000,1,MS,1.000000,15.000000,0.217544,0.217544
649.000000,1,MS,1.000000,15.000000,0.218022,0.218022
650.000000,1,MS,1.000000,15.000000,0.218565,0.218565
651.000000,1,MS,1.000000,15.000000,0.219180,0.219180
652.000000,1,MS,1.000000,15.000000,0.219875,0.219875
653.000000,1,MS,1.000000,15.000000,0.220657,0.220657
654.000000,1,MS,1.000000,15.000000,0.221528,0.221528
655.000000,1,MS,1.000000,15.000000,0.222491,0.222491
656.000000,1,MS,1.000000,15.000000,0.223544,0.223544
657.000000,1,MS,1.000000,15.000000,0.224682,0.224682
658.000000,1,MS,1.000000,15.000000,0.225894,0.225894
659.000000,1,MS,1.000000,15.000000,0.227160,0.227160
660.000000,1,MS,1.000000,15.000000,0.228459,0.228459
661.000000,1,MS,1.000000,15.000000,0.229777,0.229777
662.000000,1,MS,1.000000,15.000000,0.231102,0.231102
663.000000,1,MS,1.000000,15.000000,0.232430,0.232430
664.000000,1,MS,1.000000,15.000000,0.233754,0.233754
665.000000,1,MS,1.000000,15.000000,0.235072,0.235072
666.000000,1,MS,1.000000,15.000000,0.236378,0.236378
667.000000,1,MS,1.000000,15.000000,0.237672,0.237672
668.000000,1,MS,1.000000,15.000000,0.238956,0.238956
669.000000,1,MS,1.000000,15.000000,0.240233,0.240233
670.000000,1,MS,1.000000,15.000000,0.241507,0.241507
671.000000,1,MS,1.000000,15.000000,0.242784,0.242784
672.000000,1,MS,1.000000,15.000000,0.244071,0.244071
673.000000,1,MS,1.000000,15.000000,0.245378,0.245378
674.000000,1,MS,1.000000,15.000000,0.246710,0.246710
675.000000,1,MS,1.000000,15.000000,0.248079,0.248079
676.000000,1,MS,1.000000,15.000000,0.249490,0.249490
677.000000,1,MS,1.000000,15.000000,0.250953,0.250953
678.000000,1,MS,1.000000,15.000000,0.252473,0.252473
679.000000,1,MS,1.000000,15.000000,0.254056,0.254056
680.000000,1,MS,1.000000,15.000000,0.255703,0.255703
681.000000,1,MS,1.000000,15.000000,0.257414,0.257414
682.000000,1,MS,1.000000,15.000000,0.259185,0.259185
683.000000,1,MS,1.000000,15.000000,0.261014,0.261014
684.000000,1,MS,1.000000,15.000000,0.262895,0.262895
685.000000,1,MS,1.000000,15.000000,0.264821,0.264821
686.000000,1,MS,1.000000,15.000000,0.266781,0.266781
687.000000,1,MS,1.000000,15.000000,0.268762,0.268762
688.000000,1,MS,1.000000,15.000000,0.270748,0.270748
689.000000,1,MS,1.000000,15.000000,0.272727,0.272727
690.000000,1,MS,1.000000,15.000000,0.274684,0.274684
691.000000,1,MS,1.000000,15.000000,0.276616,0.276616
692.000000,1,MS,1.000000,15.000000,0.278515,0.278515
693.000000,1,MS,1.000000,15.000000,0.280382,0.280382
694.000000,1,MS,1.000000,15.000000,0.282217,0.282217
695.000000,1,MS,1.000000,15.000000,0.284027,0.284027
696.000000,1,MS,1.000000,15.000000,0.285819,0.285819
697.000000,1,MS,1.000000,15.000000,0.287604,0.287604
698.000000,1,MS,1.000000,15.000000,0.289393,0.289393
699.000000,1,MS,1.000000,15.000000,0.291198,0.291198
700.000000,1,MS,1.000000,15.000000,0.293029,0.293029
701.000000,1,MS,1.000000,15.000000,0.294898,0.294898
702.000000,1,MS,1.000000,15.000000,0.296811,0.296811
703.000000,1,MS,1.000000,15.000000,0.298777,0.298777
704.000000,1,MS,1.000000,15.000000,0.300795,0.300795
705.000000,1,MS,1.000000,15.000000,0.302861,0.302861
706.000000,1,MS,1.000000,15.000000,0.304957,0.304957
707.000000,1,MS,1.000000,15.000000,0.307062,0.307062
708.000000,1,MS,1.000000,15.000000,0.309146,0.309146
709.000000,1,MS,1.000000,15.000000,0.311184,0.311184
710.000000,1,MS,1.000000,15.000000,0.313145,0.313145
711.000000,1,MS,1.000000,15.000000,0.315007,0.315007
712.000000,1,MS,1.000000,15.000000,0.316746,0.316746
713.000000,1,MS,1.000000,15.000000,0.318349,0.318349
714.000000,1,MS,1.000000,15.000000,0.319802,0.319802
715.000000,1,MS,1.000000,15.000000,0.321104,0.321104
716.000000,1,MS,1.000000,15.000000,0.322257,0.322257
717.000000,1,MS,1.000000,15.000000,0.323273,0.323273
718.000000,1,MS,1.000000,15.000000,0.324167,0.324167
719.000000,1,MS,1.000000,15.000000,0.324960,0.324960
720.000000,1,MS,1.000000,15.000000,0.325676,0.325676
721.000000,1,MS,1.000000,15.000000,0.326337,0.326337
722.000000,1,MS,1.000000,15.000000,0.326966,0.326966
723.000000,1,MS,1.000000,15.000000,0.327586,0.327586
724.000000,1,MS,1.000000,15.000000,0.328216,0.328216
725.000000,1,MS,1.000000,15.000000,0.328877,0.328877
726.000000,1,MS,1.000000,15.000000,0.329584,0.329584
727.000000,1,MS,1.000000,15.000000,0.330352,0.330352
728.000000,1,MS,1.000000,15.000000,0.331189,0.331189
729.000000,1,MS,1.000000,15.000000,0.332095,0.332095
730.000000,1,MS,1.000000,15.000000,0.333063,0.333063
731.000000,1,MS,1.000000,15.000000,0.334080,0.334080
732.000000,1,MS,1.000000,15.000000,0.335124,0.335124
733.000000,1,MS,1.000000,15.000000,0.336172,0.336172
734.000000,1,MS,1.000000,15.000000,0.337200,0.337200
735.000000,1,MS,1.000000,15.000000,0.338186,0.338186
736.000000,1,MS,1.000000,15.000000,0.339110,0.339110
737.000000,1,MS,1.000000,15.000000,0.339960,0.339960
738.000000,1,MS,1.000000,15.000000,0.340730,0.340730
739.000000,1,MS,1.000000,15.000000,0.341424,0.341424
740.000000,1,MS,1.000000,15.000000,0.342050,0.342050
741.000000,1,MS,1.000000,15.000000,0.342625,0.342625
742.000000,1,MS,1.000000,15.000000,0.343165,0.343165
743.000000,1,MS,1.000000,15.000000,0.343691,0.343691
744.000000,1,MS,1.000000,15.000000,0.344222,0.344222
745.000000,1,MS,1.000000,15.000000,0.344779,0.344779
746.000000,1,MS,1.000000,15.000000,0.345378,0.345378
747.000000,1,MS,1.000000,15.000000,0.346036,0.346036
748.000000,1,MS,1.000000,15.000000,0.346768,0.346768
749.000000,1,MS,1.000000,15.000000,0.347587,0.347587
750.000000,1,MS,1.000000,15.000000,0.348504,0.348504
751.000000,1,MS,1.000000,15.000000,0.349527,0.349527
752.000000,1,MS,1.000000,15.000000,0.350659,0.350659
753.000000,1,MS,1.000000,15.000000,0.351897,0.351897
754.000000,1,MS,1.000000,15.000000,0.353230,0.353230
755.000000,1,MS,1.000000,15.000000,0.354642,0.354642
756.000000,1,MS,1.000000,15.000000,0.356107,0.356107
757.000000,1,MS,1.000000,15.000000,0.357603,0.357603
758.000000,1,MS,1.000000,15.000000,0.359102,0.359102
759.000000,1,MS,1.000000,15.000000,0.360581,0.360581
760.000000,1,MS,1.000000,15.000000,0.362018,0.362018
761.000000,1,MS,1.000000,15.000000,0.363398,0.363398
762.000000,1,MS,1.000000,15.000000,0.364709,0.364709
763.000000,1,MS,1.000000,15.000000,0.365949,0.365949
764.000000,1,MS,1.000000,15.000000,0.367121,0.367121
765.000000,1,MS,1.000000,15.000000,0.368238,0.368238
766.000000,1,MS,1.000000,15.000000,0.369313,0.369313
767.000000,1,MS,1.000000,15.000000,0.370364,0.370364
768.000000,1,MS,1.000000,15.000000,0.371411,0.371411
769.000000,1,MS,1.000000,15.000000,0.372473,0.372473
770.000000,1,MS,1.000000,15.000000,0.373567,0.373567
771.000000,1,MS,1.000000,15.000000,0.374711,0.374711
772.000000,1,MS,1.000000,15.000000,0.375920,0.375920
773.000000,1,MS,1.000000,15.000000,0.377209,0.377209
774.000000,1,MS,1.000000,15.000000,0.378589,0.378589
775.000000,1,MS,1.000000,15.000000,0.380069,0.380069
776.000000,1,MS,1.000000,15.000000,0.381655,0.381655
777.000000,1,MS,1.000000,15.000000,0.383344,0.383344
778.000000,1,MS,1.000000,15.000000,0.385127,0.385127
779.000000,1,MS,1.000000,15.000000,0.386988,0.386988
780.000000,1,MS,1.000000,15.000000,0.388904,0.388904
781.000000,1,MS,1.000000,15.000000,0.390850,0.390850
782.000000,1,MS,1.000000,15.000000,0.392801,0.392801
783.000000,1,MS,1.000000,15.000000,0.394740,0.394740
784.000000,1,MS,1.000000,15.000000,0.396647,0.396647
785.000000,1,MS,1.000000,15.000000,0.398508,0.398508
786.000000,1,MS,1.000000,15.000000,0.400310,0.400310
787.000000,1,MS,1.000000,15.000000,0.402049,0.402049
788.000000,1,MS,1.000000,15.000000,0.403722,0.403722
789.000000,1,MS,1.000000,15.000000,0.405339,0.405339
790.000000,1,MS,1.000000,15.000000,0.406909,0.406909
791.000000,1,MS,1.000000,15.000000,0.408451,0.408451
792.000000,1,MS,1.000000,15.000000,0.409983,0.409983
793.000000,1,MS,1.000000,15.000000,0.411525,0.411525
794.000000,1,MS,1.000000,15.000000,0.413095,0.413095
795.000000,1,MS,1.000000,15.000000,0.414712,0.414712
796.000000,1,MS,1.000000,15.000000,0.416392,0.416392
797.000000,1,MS,1.000000,15.000000,0.418150,0.418150
798.000000,1,MS,1.000000,15.000000,0.419997,0.419997
799.000000,1,MS,1.000000,15.000000,0.421944,0.421944
800.000000,1,MS,1.000000,15.000000,0.423995,0.423995
801.000000,1,MS,1.000000,15.000000,0.426153,0.426153
802.000000,1,MS,1.000000,15.000000,0.428417,0.428417
803.000000,1,MS,1.000000,15.000000,0.430780,0.430780
804.000000,1,MS,1.000000,15.000000,0.433234,0.433234
805.000000,1,MS,1.000000,15.000000,0.435767,0.435767
806.000000,1,MS,1.000000,15.000000,0.438360,0.438360
807.000000,1,MS,1.000000,15.000000,0.440994,0.440994
808.000000,1,MS,1.000000,15.000000,0.443648,0.443648
809.000000,1,MS,1.000000,15.000000,0.446303,0.446303
810.000000,1,MS,1.000000,15.000000,0.448946,0.448946
811.000000,1,MS,1.000000,15.000000,0.451566,0.451566
812.000000,1,MS,1.000000,15.000000,0.454157,0.454157
813.000000,1,MS,1.000000,15.000000,0.456723,0.456723
814.000000,1,MS,1.000000,15.000000,0.459273,0.459273
815.000000,1,MS,1.000000,15.000000,0.461819,0.461819
816.000000,1,MS,1.000000,15.000000,0.464378,0.464378
817.000000,1,MS,1.000000,15.000000,0.466963,0.466963
818.000000,1,MS,1.000000,15.000000,0.469588,0.469588
819.000000,1,MS,1.000000,15.000000,0.472267,0.472267
820.000000,1,MS,1.000000,15.000000,0.475012,0.475012
821.000000,1,MS,1.000000,15.000000,0.477831,0.477831
822.000000,1,MS,1.000000,15.000000,0.480734,0.480734
823.000000,1,MS,1.000000,15.000000,0.483728,0.483728
824.000000,1,MS,1.000000,15.000000,0.486813,0.486813
825.000000,1,MS,1.000000,15.000000,0.489986,0.489986
826.000000,1,MS,1.000000,15.000000,0.493235,0.493235
827.000000,1,MS,1.000000,15.000000,0.496543,0.496543
828.000000,1,MS,1.000000,15.000000,0.499884,0.499884
829.000000,1,MS,1.000000,15.000000,0.503234,0.503234
830.000000,1,MS,1.000000,15.000000,0.506567,0.506567
831.000000,1,MS,1.000000,15.000000,0.509861,0.509861
832.000000,1,MS,1.000000,15.000000,0.513095,0.513095
833.000000,1,MS,1.000000,15.000000,0.516252,0.516252
834.000000,1,MS,1.000000,15.000000,0.519321,0.519321
835.000000,1,MS,1.000000,15.000000,0.522296,0.522296
836.000000,1,MS,1.000000,15.000000,0.525178,0.525178
837.000000,1,MS,1.000000,15.000000,0.527977,0.527977
838.000000,1,MS,1.000000,15.000000,0.530709,0.530709
839.000000,1,MS,1.000000,15.000000,0.533394,0.533394
840.000000,1,MS,1.000000,15.000000,0.536057,0.536057
841.000000,1,MS,1.000000,15.000000,0.538721,0.538721
842.000000,1,MS,1.000000,15.000000,0.541405,0.541405
843.000000,1,MS,1.000000,15.000000,0.544130,0.544130
844.000000,1,MS,1.000000,15.000000,0.546911,0.546911
845.000000,1,MS,1.000000,15.000000,0.549762,0.549762
846.000000,1,MS,1.000000,15.000000,0.552696,0.552696
847.000000,1,MS,1.000000,15.000000,0.555721,0.555721
848.000000,1,MS,1.000000,15.000000,0.558843,0.558843
849.000000,1,MS,1.000000,15.000000,0.562064,0.562064
850.000000,1,MS,1.000000,15.000000,0.565380,0.565380
851.000000,1,MS,1.000000,15.000000,0.568779,0.568779
852.000000,1,MS,1.000000,15.000000,0.572245,0.572245
853.000000,1,MS,1.000000,15.000000,0.575755,0.575755
854.000000,1,MS,1.000000,15.000000,0.579284,0.579284
855.000000,1,MS,1.000000,15.000000,0.582806,0.582806
856.000000,1,MS,1.000000,15.000000,0.586298,0.586298
857.000000,1,MS,1.000000,15.000000,0.589741,0.589741
858.000000,1,MS,1.000000,15.000000,0.593121,0.593121
859.000000,1,MS,1.000000,15.000000,0.596433,0.596433
860.000000,1,MS,1.000000,15.000000,0.599676,0.599676
861.000000,1,MS,1.000000,15.000000,0.602858,0.602858
862.000000,1,MS,1.000000,15.000000,0.605993,0.605993
863.000000,1,MS,1.000000,15.000000,0.609101,0.609101
864.000000,1,MS,1.000000,15.000000,0.612201,0.612201
865.000000,1,MS,1.000000,15.000000,0.615315,0.615315
866.000000,1,MS,1.000000,15.000000,0.618460,0.618460
867.000000,1,MS,1.000000,15.000000,0.621654,0.621654
868.000000,1,MS,1.000000,15.000000,0.624911,0.624911
869.000000,1,MS,1.000000,15.000000,0.628241,0.628241
870.000000,1,MS,1.000000,15.000000,0.631656,0.631656
871.000000,1,MS,1.000000,15.000000,0.635159,0.635159
872.000000,1,MS,1.000000,15.000000,0.638756,0.638756
873.000000,1,MS,1.000000,15.000000,0.642442,0.642442
874.000000,1,MS,1.000000,15.000000,0.646210,0.646210
875.000000,1,MS,1.000000,15.000000,0.650049,0.650049
876.000000,1,MS,1.000000,15.000000,0.653944,0.653944
877.000000,1,MS,1.000000,15.000000,0.657880,0.657880
878.000000,1,MS,1.000000,15.000000,0.661838,0.661838
879.000000,1,MS,1.000000,15.000000,0.665798,0.665798
880.000000,1,MS,1.000000,15.000000,0.669743,0.669743
881.000000,1,MS,1.000000,15.000000,0.673656,0.673656
882.000000,1,MS,1.000000,15.000000,0.677526,0.677526
883.000000,1,MS,1.000000,15.000000,0.681352,0.681352
884.000000,1,MS,1.000000,15.000000,0.685137,0.685137
885.000000,1,MS,1.000000,15.000000,0.688892,0.688892
886.000000,1,MS,1.000000,15.000000,0.692632,0.692632
887.000000,1,MS,1.000000,15.000000,0.696373,0.696373
888.000000,1,MS,1.000000,15.000000,0.700131,0.700131
889.000000,1,MS,1.000000,15.000000,0.703921,0.703921
890.000000,1,MS,1.000000,15.000000,0.707756,0.707756
891.000000,1,MS,1.000000,15.000000,0.711649,0.711649
892.000000,1,MS,1.000000,15.000000,0.715610,0.715610
893.000000,1,MS,1.000000,15.000000,0.719647,0.719647
894.000000,1,MS,1.000000,15.000000,0.723766,0.723766
895.000000,1,MS,1.000000,15.000000,0.727970,0.727970
896.000000,1,MS,1.000000,15.000000,0.732259,0.732259
897.000000,1,MS,1.000000,15.000000,0.736624,0.736624
898.000000,1,MS,1.000000,15.000000,0.741053,0.741053
899.000000,1,MS,1.000000,15.000000,0.745528,0.745528
900.000000,1,MS,1.000000,15.000000,0.750030,0.750030
901.000000,1,MS,1.000000,15.000000,0.754534,0.754534
902.000000,1,MS,1.000000,15.000000,0.758996,0.758996
903.000000,1,MS,1.000000,15.000000,0.763367,0.763367
904.000000,1,MS,1.000000,15.000000,0.767599,0.767599
905.000000,1,MS,1.000000,15.000000,0.771652,0.771652
906.000000,1,MS,1.000000,15.000000,0.775493,0.775493
907.000000,1,MS,1.000000,15.000000,0.779099,0.779099
908.000000,1,MS,1.000000,15.000000,0.782455,0.782455
909.000000,1,MS,1.000000,15.000000,0.785550,0.785550
910.000000,1,MS,1.000000,15.000000,0.788376,0.788376
911.000000,1,MS,1.000000,15.000000,0.790933,0.790933
912.000000,1,MS,1.000000,15.000000,0.793224,0.793224
913.000000,1,MS,1.000000,15.000000,0.795255,0.795255
914.000000,1,MS,1.000000,15.000000,0.797035,0.797035
915.000000,1,MS,1.000000,15.000000,0.798573,0.798573
916.000000,1,MS,1.000000,15.000000,0.799879,0.799879
917.000000,1,MS,1.000000,15.000000,0.800964,0.800964
918.000000,1,MS,1.000000,15.000000,0.801839,0.801839
919.000000,1,MS,1.000000,15.000000,0.802514,0.802514
920.000000,1,MS,1.000000,15.000000,0.802998,0.802998
921.000000,1,MS,1.000000,15.000000,0.803295,0.803295
922.000000,1,MS,1.000000,15.000000,0.803406,0.803406
923.000000,1,MS,1.000000,15.000000,0.803332,0.803332
924.000000,1,MS,1.000000,15.000000,0.803063,0.803063
925.000000,1,MS,1.000000,15.000000,0.802591,0.802591
926.000000,1,MS,1.000000,15.000000,0.801901,0.801901
927.000000,1,MS,1.000000,15.000000,0.800986,0.800986
928.000000,1,MS,1.000000,15.000000,0.799834,0.799834
929.000000,1,MS,1.000000,15.000000,0.798436,0.798436
930.000000,1,MS,1.000000,15.000000,0.796782,0.796782
931.000000,1,MS,1.000000,15.000000,0.794869,0.794869
932.000000,1,MS,1.000000,15.000000,0.792696,0.792696
933.000000,1,MS,1.000000,15.000000,0.790267,0.790267
934.000000,1,MS,1.000000,15.000000,0.787589,0.787589
935.000000,1,MS,1.000000,15.000000,0.784673,0.784673
936.000000,1,MS,1.000000,15.000000,0.781532,0.781532
937.000000,1,MS,1.000000,15.000000,0.778181,0.778181
938.000000,1,MS,1.000000,15.000000,0.774633,0.774633
939.000000,1,MS,1.000000,15.000000,0.770905,0.770905
940.000000,1,MS,1.000000,15.000000,0.767011,0.767011
941.000000,1,MS,1.000000,15.000000,0.762968,0.762968
942.000000,1,MS,1.000000,15.000000,0.758787,0.758787
943.000000,1,MS,1.000000,15.000000,0.754486,0.754486
944.000000,1,MS,1.000000,15.000000,0.750074,0.750074
945.000000,1,MS,1.000000,15.000000,0.745563,0.745563
946.000000,1,MS,1.000000,15.000000,0.740959,0.740959
947.000000,1,MS,1.000000,15.000000,0.736268,0.736268
948.000000,1,MS,1.000000,15.000000,0.731493,0.731493
949.000000,1,MS,1.000000,15.000000,0.726638,0.726638
950.000000,1,MS,1.000000,15.000000,0.721701,0.721701
951.000000,1,MS,1.000000,15.000000,0.716687,0.716687
952.000000,1,MS,1.000000,15.000000,0.711590,0.711590
953.000000,1,MS,1.000000,15.000000,0.706414,0.706414
954.000000,1,MS,1.000000,15.000000,0.701155,0.701155
955.000000,1,MS,1.000000,15.000000,0.695816,0.695816
956.000000,1,MS,1.000000,15.000000,0.690398,0.690398
957.000000,1,MS,1.000000,15.000000,0.684909,0.684909
958.000000,1,MS,1.000000,15.000000,0.679351,0.679351
959.000000,1,MS,1.000000,15.000000,0.673735,0.673735
960.000000,1,MS,1.000000,15.000000,0.668067,0.668067
961.000000,1,MS,1.000000,15.000000,0.662359,0.662359
962.000000,1,MS,1.000000,15.000000,0.656618,0.656618
963.000000,1,MS,1.000000,15.000000,0.650854,0.650854
964.000000,1,MS,1.000000,15.000000,0.645076,0.645076
965.000000,1,MS,1.000000,15.000000,0.639293,0.639293
966.000000,1,MS,1.000000,15.000000,0.633512,0.633512
967.000000,1,MS,1.000000,15.000000,0.627743,0.627743
968.000000,1,MS,1.000000,15.000000,0.621990,0.621990
969.000000,1,MS,1.000000,15.000000,0.616260,0.616260
970.000000,1,MS,1.000000,15.000000,0.610556,0.610556
971.000000,1,MS,1.000000,15.000000,0.604879,0.604879
972.000000,1,MS,1.000000,15.000000,0.599227,0.599227
973.000000,1,MS,1.000000,15.000000,0.593600,0.593600
974.000000,1,MS,1.000000,15.000000,0.587993,0.587993
975.000000,1,MS,1.000000,15.000000,0.582406,0.582406
976.000000,1,MS,1.000000,15.000000,0.576831,0.576831
977.000000,1,MS,1.000000,15.000000,0.571269,0.571269
978.000000,1,MS,1.000000,15.000000,0.565714,0.565714
979.000000,1,MS,1.000000,15.000000,0.560168,0.560168
980.000000,1,MS,1.000000,15.000000,0.554629,0.554629
981.000000,1,MS,1.000000,15.000000,0.549100,0.549100
982.000000,1,MS,1.000000,15.000000,0.543581,0.543581
983.000000,1,MS,1.000000,15.000000,0.538080,0.538080
984.000000,1,MS,1.000000,15.000000,0.532599,0.532599
985.000000,1,MS,1.000000,15.000000,0.527146,0.527146
986.000000,1,MS,1.000000,15.000000,0.521723,0.521723
987.000000,1,MS,1.000000,15.000000,0.516339,0.516339
988.000000,1,MS,1.000000,15.000000,0.510995,0.510995
989.000000,1,MS,1.000000,15.000000,0.505700,0.505700
990.000000,1,MS,1.000000,15.000000,0.500456,0.500456
991.000000,1,MS,1.000000,15.000000,0.495269,0.495269
992.000000,1,MS,1.000000,15.000000,0.490141,0.490141
993.000000,1,MS,1.000000,15.000000,0.485076,0.485076
994.000000,1,MS,1.000000,15.000000,0.480074,0.480074
995.000000,1,MS,1.000000,15.000000,0.475138,0.475138
996.000000,1,MS,1.000000,15.000000,0.470264,0.470264
997.000000,1,MS,1.000000,15.000000,0.465453,0.465453
998.000000,1,MS,1.000000,15.000000,0.460701,0.460701
999.000000,1,MS,1.000000,15.000000,0.456007,0.456007
1000.000000,1,MS,1.000000,15.000000,0.451366,0.451366
1001.000000,1,MS,1.000000,15.000000,0.446779,0.446779
1002.000000,1,MS,1.000000,15.000000,0.442242,0.442242
1003.000000,1,MS,1.000000,15.000000,0.437755,0.437755
1004.000000,1,MS,1.000000,15.000000,0.433314,0.433314
1005.000000,1,MS,1.000000,15.000000,0.428924,0.428924
1006.000000,1,MS,1.000000,15.000000,0.424581,0.424581
1007.000000,1,MS,1.000000,15.000000,0.420290,0.420290
1008.000000,1,MS,1.000000,15.000000,0.416052,0.416052
1009.000000,1,MS,1.000000,15.000000,0.411869,0.411869
1010.000000,1,MS,1.000000,15.000000,0.407742,0.407742
1011.000000,1,MS,1.000000,15.000000,0.403676,0.403676
1012.000000,1,MS,1.000000,15.000000,0.399671,0.399671
1013.000000,1,MS,1.000000,15.000000,0.395729,0.395729
1014.000000,1,MS,1.000000,15.000000,0.391852,0.391852
1015.000000,1,MS,1.000000,15.000000,0.388043,0.388043
1016.000000,1,MS,1.000000,15.000000,0.384300,0.384300
1017.000000,1,MS,1.000000,15.000000,0.380628,0.380628
1018.000000,1,MS,1.000000,15.000000,0.377024,0.377024
1019.000000,1,MS,1.000000,15.000000,0.373489,0.373489
1020.000000,1,MS,1.000000,15.000000,0.370022,0.370022
1021.000000,1,MS,1.000000,15.000000,0.366621,0.366621
1022.000000,1,MS,1.000000,15.000000,0.363283,0.363283
1023.000000,1,MS,1.000000,15.000000,0.360008,0.360008
1024.000000,1,MS,1.000000,15.000000,0.356792,0.356792
1025.000000,1,MS,1.000000,15.000000,0.353634,0.353634
1026.000000,1,MS,1.000000,15.000000,0.350530,0.350530
1027.000000,1,MS,1.000000,15.000000,0.347481,0.347481
1028.000000,1,MS,1.000000,15.000000,0.344484,0.344484
1029.000000,1,MS,1.000000,15.000000,0.341539,0.341539
1030.000000,1,MS,1.000000,15.000000,0.338645,0.338645
1031.000000,1,MS,1.000000,15.000000,0.335803,0.335803
1032.000000,1,MS,1.000000,15.000000,0.333012,0.333012
1033.000000,1,MS,1.000000,15.000000,0.330275,0.330275
1034.000000,1,MS,1.000000,15.000000,0.327590,0.327590
1035.000000,1,MS,1.000000,15.000000,0.324960,0.324960
1036.000000,1,MS,1.000000,15.000000,0.322383,0.322383
1037.000000,1,MS,1.000000,15.000000,0.319861,0.319861
1038.000000,1,MS,1.000000,15.000000,0.317393,0.317393
1039.000000,1,MS,1.000000,15.000000,0.314981,0.314981
1040.000000,1,MS,1.000000,15.000000,0.312624,0.312624
1041.000000,1,MS,1.000000,15.000000,0.310322,0.310322
1042.000000,1,MS,1.000000,15.000000,0.308074,0.308074
1043.000000,1,MS,1.000000,15.000000,0.305879,0.305879
1044.000000,1,MS,1.000000,15.000000,0.303735,0.303735
1045.000000,1,MS,1.000000,15.000000,0.301642,0.301642
1046.000000,1,MS,1.000000,15.000000,0.299596,0.299596
1047.000000,1,MS,1.000000,15.000000,0.297597,0.297597
1048.000000,1,MS,1.000000,15.000000,0.295641,0.295641
1049.000000,1,MS,1.000000,15.000000,0.293729,0.293729
1050.000000,1,MS,1.000000,15.000000,0.291856,0.291856
1051.000000,1,MS,1.000000,15.000000,0.290023,0.290023
1052.000000,1,MS,1.000000,15.000000,0.288227,0.288227
1053.000000,1,MS,1.000000,15.000000,0.286469,0.286469
1054.000000,1,MS,1.000000,15.000000,0.284746,0.284746
1055.000000,1,MS,1.000000,15.000000,0.283061,0.283061
1056.000000,1,MS,1.000000,15.000000,0.281412,0.281412
1057.000000,1,MS,1.000000,15.000000,0.279799,0.279799
1058.000000,1,MS,1.000000,15.000000,0.278223,0.278223
1059.000000,1,MS,1.000000,15.000000,0.276684,0.276684
1060.000000,1,MS,1.000000,15.000000,0.275182,0.275182
1061.000000,1,MS,1.000000,15.000000,0.273717,0.273717
1062.000000,1,MS,1.000000,15.000000,0.272289,0.272289
1063.000000,1,MS,1.000000,15.000000,0.270899,0.270899
1064.000000,1,MS,1.000000,15.000000,0.269546,0.269546
1065.000000,1,MS,1.000000,15.000000,0.268231,0.268231
1066.000000,1,MS,1.000000,15.000000,0.266951,0.266951
1067.000000,1,MS,1.000000,15.000000,0.265708,0.265708
1068.000000,1,MS,1.000000,15.000000,0.264499,0.264499
1069.000000,1,MS,1.000000,15.000000,0.263324,0.263324
1070.000000,1,MS,1.000000,15.000000,0.262181,0.262181
1071.000000,1,MS,1.000000,15.000000,0.261069,0.261069
1072.000000,1,MS,1.000000,15.000000,0.259986,0.259986
1073.000000,1,MS,1.000000,15.000000,0.258933,0.258933
1074.000000,1,MS,1.000000,15.000000,0.257905,0.257905
1075.000000,1,MS,1.000000,15.000000,0.256905,0.256905
1076.000000,1,MS,1.000000,15.000000,0.255928,0.255928
1077.000000,1,MS,1.000000,15.000000,0.254978,0.254978
1078.000000,1,MS,1.000000,15.000000,0.254051,0.254051
1079.000000,1,MS,1.000000,15.000000,0.253149,0.253149
1080.000000,1,MS,1.000000,15.000000,0.252270,0.252270
1081.000000,1,MS,1.000000,15.000000,0.251417,0.251417
1082.000000,1,MS,1.000000,15.000000,0.250587,0.250587
1083.000000,1,MS,1.000000,15.000000,0.249782,0.249782
1084.000000,1,MS,1.000000,15.000000,0.249002,0.249002
1085.000000,1,MS,1.000000,15.000000,0.248247,0.248247
1086.000000,1,MS,1.000000,15.000000,0.247517,0.247517
1087.000000,1,MS,1.000000,15.000000,0.246812,0.246812
1088.000000,1,MS,1.000000,15.000000,0.246131,0.246131
1089.000000,1,MS,1.000000,15.000000,0.245476,0.245476
1090.000000,1,MS,1.000000,15.000000,0.244845,0.244845
1091.000000,1,MS,1.000000,15.000000,0.244239,0.244239
1092.000000,1,MS,1.000000,15.000000,0.243656,0.243656
1093.000000,1,MS,1.000000,15.000000,0.243096,0.243096
1094.000000,1,MS,1.000000,15.000000,0.242557,0.242557
1095.000000,1,MS,1.000000,15.000000,0.242041,0.242041
1096.000000,1,MS,1.000000,15.000000,0.241545,0.241545
1097.000000,1,MS,1.000000,15.000000,0.241070,0.241070
1098.000000,1,MS,1.000000,15.000000,0.240614,0.240614
1099.000000,1,MS,1.000000,15.000000,0.240177,0.240177
1100.000000,1,MS,1.000000,15.000000,0.239759,0.239759
1101.000000,1,MS,1.000000,15.000000,0.239359,0.239359
1102.000000,1,MS,1.000000,15.000000,0.238976,0.238976
1103.000000,1,MS,1.000000,15.000000,0.238611,0.238611
1104.000000,1,MS,1.000000,15.000000,0.238264,0.238264
1105.000000,1,MS,1.000000,15.000000,0.237935,0.237935
1106.000000,1,MS,1.000000,15.000000,0.237623,0.237623
1107.000000,1,MS,1.000000,15.000000,0.237330,0.237330
1108.000000,1,MS,1.000000,15.000000,0.237055,0.237055
1109.000000,1,MS,1.000000,15.000000,0.236798,0.236798
1110.000000,1,MS,1.000000,15.000000,0.236559,0.236559
1111.000000,1,MS,1.000000,15.000000,0.236340,0.236340
1112.000000,1,MS,1.000000,15.000000,0.236138,0.236138
1113.000000,1,MS,1.000000,15.000000,0.235955,0.235955
1114.000000,1,MS,1.000000,15.000000,0.235790,0.235790
1115.000000,1,MS,1.000000,15.000000,0.235644,0.235644
1116.000000,1,MS,1.000000,15.000000,0.235515,0.235515
1117.000000,1,MS,1.000000,15.000000,0.235403,0.235403
1118.000000,1,MS,1.000000,15.000000,0.235307,0.235307
1119.000000,1,MS,1.000000,15.000000,0.235228,0.235228
1120.000000,1,MS,1.000000,15.000000,0.235164,0.235164
1121.000000,1,MS,1.000000,15.000000,0.235115,0.235115
1122.000000,1,MS,1.000000,15.000000,0.235081,0.235081
1123.000000,1,MS,1.000000,15.000000,0.235061,0.235061
1124.000000,1,MS,1.000000,15.000000,0.235054,0.235054
1125.000000,1,MS,1.000000,15.000000,0.235062,0.235062
1126.000000,1,MS,1.000000,15.000000,0.235084,0.235084
1127.000000,1,MS,1.000000,15.000000,0.235119,0.235119
1128.000000,1,MS,1.000000,15.000000,0.235168,0.235168
1129.000000,1,MS,1.000000,15.000000,0.235231,0.235231
1130.000000,1,MS,1.000000,15.000000,0.235308,0.235308
1131.000000,1,MS,1.000000,15.000000,0.235400,0.235400
1132.000000,1,MS,1.000000,15.000000,0.235506,0.235506
1133.000000,1,MS,1.000000,15.000000,0.235628,0.235628
1134.000000,1,MS,1.000000,15.000000,0.235763,0.235763
1135.000000,1,MS,1.000000,15.000000,0.235915,0.235915
1136.000000,1,MS,1.000000,15.000000,0.236081,0.236081
1137.000000,1,MS,1.000000,15.000000,0.236263,0.236263
1138.000000,1,MS,1.000000,15.000000,0.236459,0.236459
1139.000000,1,MS,1.000000,15.000000,0.236671,0.236671
1140.000000,1,MS,1.000000,15.000000,0.236898,0.236898
1141.000000,1,MS,1.000000,15.000000,0.237140,0.237140
1142.000000,1,MS,1.000000,15.000000,0.237396,0.237396
1143.000000,1,MS,1.000000,15.000000,0.237668,0.237668
1144.000000,1,MS,1.000000,15.000000,0.237953,0.237953
1145.000000,1,MS,1.000000,15.000000,0.238252,0.238252
1146.000000,1,MS,1.000000,15.000000,0.238566,0.238566
1147.000000,1,MS,1.000000,15.000000,0.238894,0.238894
1148.000000,1,MS,1.000000,15.000000,0.239235,0.239235
1149.000000,1,MS,1.000000,15.000000,0.239591,0.239591
1150.000000,1,MS,1.000000,15.000000,0.239961,0.239961
1151.000000,1,MS,1.000000,15.000000,0.240346,0.240346
1152.000000,1,MS,1.000000,15.000000,0.240745,0.240745
1153.000000,1,MS,1.000000,15.000000,0.241159,0.241159
1154.000000,1,MS,1.000000,15.000000,0.241587,0.241587
1155.000000,1,MS,1.000000,15.000000,0.242031,0.242031
1156.000000,1,MS,1.000000,15.000000,0.242490,0.242490
1157.000000,1,MS,1.000000,15.000000,0.242964,0.242964
1158.000000,1,MS,1.000000,15.000000,0.243454,0.243454
1159.000000,1,MS,1.000000,15.000000,0.243959,0.243959
1160.000000,1,MS,1.000000,15.000000,0.244480,0.244480
1161.000000,1,MS,1.000000,15.000000,0.245017,0.245017
1162.000000,1,MS,1.000000,15.000000,0.245570,0.245570
1163.000000,1,MS,1.000000,15.000000,0.246140,0.246140
1164.000000,1,MS,1.000000,15.000000,0.246725,0.246725
1165.000000,1,MS,1.000000,15.000000,0.247328,0.247328
1166.000000,1,MS,1.000000,15.000000,0.247946,0.247946
1167.000000,1,MS,1.000000,15.000000,0.248582,0.248582
1168.000000,1,MS,1.000000,15.000000,0.249234,0.249234
1169.000000,1,MS,1.000000,15.000000,0.249904,0.249904
1170.000000,1,MS,1.000000,15.000000,0.250590,0.250590
1171.000000,1,MS,1.000000,15.000000,0.251294,0.251294
1172.000000,1,MS,1.000000,15.000000,0.252015,0.252015
1173.000000,1,MS,1.000000,15.000000,0.252754,0.252754
1174.000000,1,MS,1.000000,15.000000,0.253509,0.253509
1175.000000,1,MS,1.000000,15.000000,0.254283,0.254283
1176.000000,1,MS,1.000000,15.000000,0.255074,0.255074
1177.000000,1,MS,1.000000,15.000000,0.255884,0.255884
1178.000000,1,MS,1.000000,15.000000,0.256711,0.256711
1179.000000,1,MS,1.000000,15.000000,0.257556,0.257556
1180.000000,1,MS,1.000000,15.000000,0.258419,0.258419
1181.000000,1,MS,1.000000,15.000000,0.259301,0.259301
1182.000000,1,MS,1.000000,15.000000,0.260200,0.260200
1183.000000,1,MS,1.000000,15.000000,0.261118,0.261118
1184.000000,1,MS,1.000000,15.000000,0.262055,0.262055
1185.000000,1,MS,1.000000,15.000000,0.263010,0.263010
1186.000000,1,MS,1.000000,15.000000,0.263983,0.263983
1187.000000,1,MS,1.000000,15.000000,0.264976,0.264976
1188.000000,1,MS,1.000000,15.000000,0.265986,0.265986
1189.000000,1,MS,1.000000,15.000000,0.267017,0.267017
1190.000000,1,MS,1.000000,15.000000,0.268065,0.268065
1191.000000,1,MS,1.000000,15.000000,0.269133,0.269133
1192.000000,1,MS,1.000000,15.000000,0.270220,0.270220
1193.000000,1,MS,1.000000,15.000000,0.271326,0.271326
1194.000000,1,MS,1.000000,15.000000,0.272451,0.272451
1195.000000,1,MS,1.000000,15.000000,0.273596,0.273596
1196.000000,1,MS,1.000000,15.000000,0.274760,0.274760
1197.000000,1,MS,1.000000,15.000000,0.275944,0.275944
1198.000000,1,MS,1.000000,15.000000,0.277146,0.277146
1199.000000,1,MS,1.000000,15.000000,0.278369,0.278369
