t,plant,axis,metamer,organ,element,Ag,Nstruct,Tr,Ts,green_area,is_growing,mstruct,amino_acids,cytokinins,fructan,nitrates,proteins,starch,sucrose,triosesP,Photosynthesis,R_Nnit_red,R_phloem_loading,R_residual,Transpiration,sum_respi,Amino_Acids_import,D_Fructan,D_Proteins,D_Starch,D_cytokinins,Loading_Amino_Acids,Loading_Sucrose,Nitrates_import,Regul_S_Fructan,S_Fructan,S_Starch,S_Sucrose,S_Amino_Acids,S_Proteins,cytokinins_import,k_proteins,Total_Organic_Nitrogen
0,1,MS,1,blade,LeafElement1,0.0,0.00054000000000000001,0.18726384300000001,18.789502330000001,0.00029428400000000002,False,0.018000000000000002,0.40000000000000002,2.7000000000000002,0,0,0.80000000000000004,0,16,0,NA,NA,NA,NA,NA,NA,NA,NA,NA,NA,NA,NA,NA,NA,NA,NA,NA,NA,NA,NA,NA,NA,39.771428571428572
0,1,MS,1,sheath,StemElement,0.0,0.00029999999999999997,0.1803941,18.599999069999999,0.000174251,False,0.01,0.20000000000000001,1.5,0,0,0.40000000000000002,0,8,0,NA,NA,NA,NA,NA,NA,NA,NA,NA,NA,NA,NA,NA,NA,NA,NA,NA,NA,NA,NA,NA,NA,22.028571428571428
0,1,MS,2,blade,LeafElement1,0.0,0.00059999999999999995,0.188262663,18.817068819999999,0.00028853,False,0.02,0.5,3.0,0,0,1.0,0,10,0,NA,NA,NA,NA,NA,NA,NA,NA,NA,NA,NA,NA,NA,NA,NA,NA,NA,NA,NA,NA,NA,NA,44.357142857142854
0,1,MS,2,sheath,StemElement,0.0,0.00036000000000000002,0.0,0.0,1.26e-06,False,0.012,0.25,1.8,0,0,0.5,0,20,0,NA,NA,NA,NA,NA,NA,NA,NA,NA,NA,NA,NA,NA,NA,NA,NA,NA,NA,NA,NA,NA,NA,26.464285714285715
0,1,MS,3,blade,LeafElement1,0.0,0.00066,0.18921264500000001,18.843290840000002,0.00022900700000000001,False,0.022000000000000002,0.59999999999999998,3.2999999999999998,0,0,1.2,0,24,0,NA,NA,NA,NA,NA,NA,NA,NA,NA,NA,NA,NA,NA,NA,NA,NA,NA,NA,NA,NA,NA,NA,48.942857142857143
0,1,MS,3,sheath,StemElement,0.0,0.00042000000000000002,0.0,0.0,4.0600000000000001e-06,False,0.013999999999999999,0.29999999999999999,2.1000000000000001,0,0,0.59999999999999998,0,12,0,NA,NA,NA,NA,NA,NA,NA,NA,NA,NA,NA,NA,NA,NA,NA,NA,NA,NA,NA,NA,NA,NA,30.899999999999999
0,1,MS,4,blade,LeafElement1,0.0,5.2600000000000001e-08,0.0,18.0,5.9200000000000001e-08,True,1.6300000000000001e-06,0.0,0.0,0,0,0.0,0,0,0,NA,NA,NA,NA,NA,NA,NA,NA,NA,NA,NA,NA,NA,NA,NA,NA,NA,NA,NA,NA,NA,NA,0.0037571428571428569
4,1,MS,1,blade,LeafElement1,0.0,0.00054000000000000001,0.18726384300000001,18.789502330000001,0.00029428400000000002,False,0.018000000000000002,2.9272249283103919,2.7418851005673917,0.16258292939471353,0.0013454831170247067,0.84650801719873936,0.0,20.199248981643223,0.0,0.0,0.0,0,0.21693876594305683,5.5108752773412007e-05,0.21693876594305683,0.10132390569174923,0.16258292939471353,0.037208670589970662,0,1.6451310603404348,-1.5312526358666272,-3.5959953080322595,0.0014332171242470164,0.015,9.8980660493469479,0.0,0.0,0,3.3438253632085728,0.067334168804726036,2.1977742581282005e-07,42.345161516937701
4,1,MS,1,sheath,StemElement,0.0,0.00029999999999999997,0.1803941,18.599999069999999,0.000174251,False,0.01,1.8276233379781139,1.5243215644122072,0.086990775223768038,0.00076745916882376222,0.42718893562932708,0.0,11.051214277435964,0.0,0.0,0.0,0,0.11750503406956535,3.1433852319099998e-05,0.11750503406956535,0.057794824372173224,0.086990775223768038,0.033754464233503333,0,1.6462672895651838,-0.91935840868105578,-2.4840832831319126,0.00081750235956204865,0.015,9.7748354073622696,0.0,0.0,0,3.4902689804996236,0.038407189633554523,2.1948695958262891e-07,23.683383702178869
4,1,MS,2,blade,LeafElement1,0.0,0.00059999999999999995,0.188262663,18.817068819999999,0.00028853,False,0.02,3.2037914726582524,3.0376471969518706,0.1265194142001923,0.0013262116658500902,1.0516609402768757,0.0,16.385601071574726,0.0,0.0,0.0,0,0.19851748638987615,5.4319426155390002e-05,0.19851748638987615,0.099872636124221745,0.1265194142001923,0.041837149420170208,0,1.6403294863540103,-1.6648282020318899,-5.3771285855437325,0.0014126890525952311,0.015,7.6025079538910303,0.0,0.0,0,3.3245901653159375,0.066369736676158628,2.210109732026768e-07,47.112595270077982
4,1,MS,2,sheath,StemElement,0.0,0.00036000000000000002,0.0,0.0,1.26e-06,False,0.012,2.0643686441218017,1.7806645991045562,0.16363043272933742,0.0,0.53181702309467838,0.0,20.730448150694482,0.0,0.0,0.0,0,0.049653486466868131,0.0,0.049653486466868131,0.0,0.16363043272933742,0.036863984454340304,0,1.6025981391941004,-1.1076595057077236,-0.58400961966723697,0.0,0.015,13.866443526337243,0.0,0.0,0,3.4149300809917302,0.0,2.310568162449705e-07,28.310471381502197
4,1,MS,3,blade,LeafElement1,0.0,0.00066,0.18921264500000001,18.843290840000002,0.00022900700000000001,False,0.022000000000000002,3.4606548094738936,3.3202898820007007,0.22506187395250518,0.0010579291524441708,1.2566766438744239,0.0,27.78066649089547,0.0,0.0,0.0,0,0.28707744779709377,4.3331020193515008e-05,0.28707744779709377,0.079669162930742998,0.22506187395250518,0.046003008732015523,0,1.6299604875276166,-1.8020441224655515,-3.3592810686165202,0.001126912822864707,0.015,10.888000680469094,0.0,0.0,0,3.3013028704528722,0.052943644727136661,2.2370869959038885e-07,51.860188596205461
4,1,MS,3,sheath,StemElement,0.0,0.00042000000000000002,0.0,0.0,4.0600000000000001e-06,False,0.013999999999999999,2.3337953946596044,2.0774420322886509,0.12533379583619833,0.0,0.63661231646864802,0.0,15.747090293839333,0.0,0.0,0.0,0,0.045888896130785395,0.0,0.045888896130785395,0.0,0.12533379583619833,0.037824072435149424,0,1.6025981391941024,-1.2657959133168959,-3.0309495289413024,0.0,0.015,9.9168714991185976,0.0,0.0,0,3.3752505959986552,0.0,2.3105681624497e-07,32.970407711128253
4,1,MS,4,blade,LeafElement1,0.0,5.2600000000000001e-08,0.0,18.0,5.9200000000000001e-08,True,1.6300000000000001e-06,0.00055930969562863881,0.0,7.3256510339625631e-08,0.0,6.895756805177345e-06,0.0,0.003082702945793909,0.0,0.0,0.0,1.6284558059656376e-12,2.5637888994506328e-05,0.0,2.5637890622962134e-05,0.0,7.3256510339625631e-08,0.03807473082613258,0,0,6.0826692504883139e-05,0.00016650877361611835,0.0,6.5649466374497924e-07,0.00064860621320861713,0.0,0.0,0,4.1814091305614465,0.0,2.5e-06,0.0043233483095766728
8,1,MS,1,blade,LeafElement1,0.22835203199999998,0.00054000000000000001,0.065656899000000005,16.443020449999999,0.00029428400000000002,False,0.018000000000000002,3.9649412691724373,2.7349538214066427,0.34656185637766523,4.6593084004213781e-05,0.90998329814492118,0.01233572322731419,22.910542456268804,4.1398768870660633e-05,0.24192125778631676,0.0006287565470986735,0,0.21125906293330973,1.9321774865316002e-05,0.21188781948040841,0.040523278666170046,0.34656185637766523,0.040193099944619885,0.24671446454628376,1.6409722928439854,-0.70922685076438097,-2.275372411711464,0.00064169287336385164,0.015,10.957075094362258,0.82788017402438741,12.501516879339881,0.035283756851777412,3.713946396648145,0.02215477403274041,2.2084526181171107e-07,43.446353138745927
8,1,MS,1,sheath,StemElement,0.075132541999999997,0.00029999999999999997,0.059634000999999999,16.37150248,0.000174251,False,0.01,2.4133071169015521,1.520059705856891,0.19023715359225538,7.95908576553776e-05,0.46372920482075258,0.0022984734539649217,12.82518008307532,7.9120995669528895e-06,0.047130914073751196,0.00037160025415267344,0,0.11807891833396976,1.0391284308251e-05,0.11845051858812243,0.021793490124892234,0.19023715359225538,0.036838706645372532,0.08274504434273719,1.6416644823254423,-0.36946372131105398,-1.508692851122323,0.00034510354934690074,0.015,11.02360110341551,0.28482431661854313,4.3105232048860129,0.037535379207340749,3.8179565989649706,0.011914876214219725,2.2066701777203001e-07,24.305607750293731
8,1,MS,2,blade,LeafElement1,0.24207144999999999,0.00059999999999999995,0.065969374999999997,16.448801629999998,0.00028853,False,0.02,4.3378128881772087,3.0272036069956956,0.29222051644427904,4.898768322943086e-05,1.1217121788064921,0.012833858459568121,20.659416783903364,4.3037743589348009e-05,0.25144155168659998,0.00061899992959922015,0,0.20776307495142463,1.9034143768749999e-05,0.20838207488102384,0.039920034131936129,0.29222051644427904,0.044919007735026661,0.23100945227222619,1.6346899477776757,-0.78885321413407106,-3.5781565777255948,0.00063214039559662794,0.015,9.2459298749039682,0.77459604244361413,11.699421229593169,0.031262622707031319,3.6959421190633881,0.021824969861351993,2.2247243783863785e-07,48.316667924126556
8,1,MS,2,sheath,StemElement,0.0,0.00036000000000000002,0.0,0.0,1.26e-06,False,0.012,2.7662136567528393,1.7615368969465721,0.32767566788600799,0.0,0.57488005814407273,0.0,20.862759974632514,0.0,0.0,0.0,0,0.05328348409015176,0.0,0.05328348409015176,0.0,0.32767566788600799,0.040676849611762607,0,1.5853832072519149,-0.48090549976915742,-0.16540297080902749,0.0,0.015,13.932112124092455,0.0,0.0,0,3.7661999678289622,0.0,2.3585702232150625e-07,29.055379429182629
8,1,MS,3,blade,LeafElement1,0.27355807199999999,0.00066,0.065969879999999995,16.453926129999999,0.00022900700000000001,False,0.022000000000000002,4.6880298525770492,3.3022332963416408,0.46581168839033299,4.7486049930966052e-05,1.3331481661341751,0.011533153232926838,30.160024704294017,3.8615946423807551e-05,0.2255281682202144,0.00049044379395938979,0,0.2698847864977087,1.5107564309159999e-05,0.2703752302916681,0.031684875884054192,0.46581168839033299,0.049313642204644875,0.18872432562971189,1.6210963454768053,-0.87411794078206384,-2.1053945628925033,0.00050173529184817487,0.015,11.619870483527253,0.63184185245520819,9.5488065374686606,0.022518080530734147,3.6752687990230934,0.017322667083516905,2.2605225320156391e-07,53.164035161568371
8,1,MS,3,sheath,StemElement,0.0,0.00042000000000000002,0.0,0.0,4.0600000000000001e-06,False,0.013999999999999999,3.1483172774519641,2.0551263797710004,0.26991295002336185,0.0,0.68636644323582241,0.0,17.958521046477397,0.0,0.0,0.0,0,0.052852595158477365,0.0,0.052852595158477365,0.0,0.26991295002336185,0.041627403134486804,0,1.5853832072519149,-0.56975926638248231,-1.8872033800868138,0.0,0.015,11.025198297699401,0.0,0.0,0,3.7378468257968085,0.0,2.3585702232150625e-07,33.834683720687785
8,1,MS,4,blade,LeafElement1,0.059989445000000002,1.3799999999999999e-06,0.063276225000000005,16.449080169999998,1.55e-06,True,4.2700000000000008e-05,0.013330089941261912,0.00011432134455517261,2.7781701003206798e-06,4.1054044699542094e-07,0.00018245251750994329,1.6994521921868436e-05,0.076332412721594439,5.5949562625980596e-08,0.0003347411031,3.1643579778737395e-06,9.0016232224626853e-10,0.0005914695171205229,9.807814875000001e-08,0.00059463477526071893,0.00020569788130554985,2.7781701003206798e-06,0.038373929419171733,0.14327934173003831,0.028915000496390258,0.001007143905048176,0.0035135141383538966,3.2572602426172335e-06,1.2560904131020456e-06,0.0011909278170151286,0.47167501275924445,7.1328984070470609,0.074855297184343181,4.0898930586745195,0.00011245857268559032,2.4946624295602077e-06,0.11208397103020042
12,1,MS,1,blade,LeafElement1,3.4118892889999999,0.00054000000000000001,0.35118719399999998,16.746177209999999,0.00029428400000000002,False,0.018000000000000002,4.551579188708768,2.7699714131968038,0.55141419286579407,1.7149371169552685e-05,0.97769977058237756,0.20531652714059506,27.362457643683548,0.00065183007566767812,3.6146319390866739,0.0031223762464700354,0,0.24387269946056048,0.00010334877219909599,0.24699507570703053,0.17549846437340011,0.55141419286579407,0.042143741781167053,4.106330542811901,1.661982847918082,-0.2983176351838801,-0.80306929609227351,0.003156327777325974,0.015,12.589824228501357,13.013039595064901,187.25024663076738,0.17521752224859904,3.8696719176107743,0.059176426462079448,2.1552496507216975e-07,44.100707530719717
12,1,MS,1,sheath,StemElement,1.160077781,0.00029999999999999997,0.228567047,16.455131770000001,0.000174251,False,0.01,2.6749792365687903,1.5285480661668209,0.3036376248686467,1.6984639005346479e-05,0.50218798162812073,0.03989608086110584,14.378503680820755,0.00012674563970239354,0.72772096830131161,0.0012018338440298831,0,0.12981810569063765,3.9828036506797001e-05,0.13101993953466753,0.067632726516432998,0.3036376248686467,0.039470569516252656,1.4362589109998103,1.6508319114601666,-0.12973989953247642,-0.7778446948955563,0.0012163699216530793,0.015,12.060535029111474,4.559953258322472,67.831359674959216,0.12139735798281646,3.9306039429377004,0.022805117306406705,2.1832555714101169e-07,24.605738646768337
12,1,MS,2,blade,LeafElement1,3.6261299839999999,0.00059999999999999995,0.35404676299999999,16.735022430000001,0.00028853,False,0.02,4.9797059955337648,3.0583368736591701,0.49100108007990023,1.7948089822731326e-05,1.1965039073510688,0.21332925307091935,26.38471619405961,0.00067715665899590043,3.7664902234206723,0.0030861143839084094,0,0.25099205277662145,0.00010215311252839,0.25407816716052989,0.17346809253968479,0.49100108007990023,0.046984373062763818,3.839926555276548,1.6515019117759517,-0.35027552229005043,-1.7727813687568512,0.003119811679934826,0.015,11.273314664816937,12.168220383274546,175.6673958713981,0.15586436282365704,3.8526568874232239,0.058491804235112861,2.1815582313559852e-07,49.033352760027689
12,1,MS,2,sheath,StemElement,0.0,0.00036000000000000002,0.0,0.0,1.26e-06,False,0.012,3.0518173048643793,1.7426146624495917,0.47919903948514747,0.0,0.62033329262490067,0.0,20.698571726814574,0.0,0.0,0.0,3.4720362978396521e-06,0.054473778080374721,0.0,0.054477250116672558,0.0,0.47919903948514747,0.044802896785031306,0,1.5683531962046324,-0.21960288406464717,0.048222726358884055,0.0,0.0062737197603347956,5.792981566193804,0.0,0.0,0,3.8759458049652271,0.0,2.4074637144091104e-07,29.386436311774997
12,1,MS,3,blade,LeafElement1,4.0975752860000005,0.00066,0.347523631,16.72337048,0.00022900700000000001,False,0.022000000000000002,5.3597317483408444,3.3163503477728553,0.72222942637441623,1.6812178217068061e-05,1.4148154107534978,0.18985944015240974,34.177502308514072,0.00060222042910295813,3.378144324675608,0.002403933615262299,0,0.30133862818401852,7.9585344164417009e-05,0.30374256179928083,0.13514534706398668,0.72222942637441623,0.051909665615473374,3.1067908388576138,1.6280265343612199,-0.41779218621632686,-0.75664877239308459,0.0024305797457397781,0.015,12.800784415799752,9.8410468411132292,143.36476279623,0.11037344422691914,3.82851566755562,0.04556973601323637,2.2421704761318278e-07,53.917404301951485
12,1,MS,3,sheath,StemElement,0.0,0.00042000000000000002,0.0,0.0,4.0600000000000001e-06,False,0.013999999999999999,3.4953070821180559,2.0330504395245224,0.42418873600379126,0.0,0.73904484493492806,0.0,19.255127917324586,0.0,0.0,0.0,0,0.056385485612753077,0.0,0.056385485612753077,0.0,0.42418873600379126,0.045751465221478667,0,1.568353196204632,-0.2719716262550812,-1.19688997202242,0.0,0.015,11.649492099755371,0.0,0.0,0,3.855663787136923,0.0,2.4074637144091119e-07,34.234351927052984
12,1,MS,4,blade,LeafElement1,0.97470886400000001,4.8400000000000002e-06,0.24765079700000001,16.412072569999999,5.4399999999999996e-06,True,0.00015023600000000002,0.044160276731454062,0.00095254035455848737,1.6743568877069971e-05,3.4034878081845265e-07,0.00078750193460033985,0.0010281918309966718,0.25693066608729426,3.3645688639820205e-06,0.019088698392575997,4.0685790888467429e-05,2.2908833121180937e-08,0.0020919427344132675,1.3472203356799999e-06,0.0021326514341348563,0.0022877398062260165,1.6743568877069971e-05,0.046566819807396874,2.4637840408344327,0.06847517125876397,0.0038268262090287372,0.025414273899266194,4.1144842625642741e-05,1.4457176838742783e-07,0.00013264586835106483,8.0532628874258005,118.14679141739158,0.27354800762266979,4.0292307216015182,0.00077140427918197219,2.467723299461755e-06,0.39066206438034012
16,1,MS,1,blade,LeafElement1,27.499209159999999,0.00054000000000000001,2.7666914349999998,26.679168390000001,0.00029428400000000002,False,0.018000000000000002,4.8850480303447306,2.7765788923413379,0.5783554179731436,1.1438492610605241e-05,1.0150196971391647,1.5575211524094048,40.705898430580966,0.0080918118011741348,29.133278166389189,0.0094028002400945686,0.00034663012335587505,0.59487845152851704,0.00081419302225753994,0.60462788189196748,0.48203623868189599,0.5783554179731436,0.043552793446246109,31.150423048188095,1.6659473354048027,-0.10992307742037212,3.2095381792210644,0.0094993422871980267,1.2344828582389162e-07,0.00013840434441177014,158.2785682826426,1458.5818639906427,0.52765433446097454,3.9460089507391669,0.036596169188202479,2.1454161711836608e-07,44.471496298912463
16,1,MS,1,sheath,StemElement,13.13302554,0.00029999999999999997,1.828340321,22.334726379999999,0.000174251,False,0.01,2.7990550169978992,1.5285665216109601,0.34708648188867541,6.6068433740942062e-06,0.52318192045459389,0.33989746128335624,18.404048713013324,0.0017652562943598856,8.2383942001339445,0.0036789852287343089,2.8223446739053015e-05,0.22385211241567723,0.00031859012927457097,0.2275593210911506,0.18861864864780964,0.34708648188867541,0.041119682788301137,12.236308606200826,1.6508518433398369,-0.033471769718092854,0.47039077898421688,0.0037170506312009743,6.7209045629709087e-06,0.0065097123091200221,62.993230612749784,759.68056878069274,0.37161466956912209,3.9785938935237626,0.014319919176285383,2.1832050499636357e-07,24.750808366023922
16,1,MS,2,blade,LeafElement1,30.220154709999999,0.00059999999999999995,2.9465084889999997,25.885194240000001,0.00028853,False,0.02,5.3452367885162415,3.0642778231529726,0.55429413241475911,1.212521197658752e-05,1.2377392226451664,1.6473217308407213,41.346023194201571,0.00856775890559636,31.389916458514676,0.0098180993033959649,0.00024995365684761414,0.60198490298504659,0.00085015609433116996,0.61205295594529019,0.50332787778947741,0.55429413241475911,0.048423113759440785,29.65179115513298,1.6547100245026052,-0.1493476773592316,2.0829471403967843,0.0099189301760494279,6.1949251765227733e-07,0.00065236209076683857,150.98563891955897,1416.9548732100809,0.49586360118161443,3.9296593818615846,0.038212629455185436,2.1734570072736674e-07,49.440118868304261
16,1,MS,2,sheath,StemElement,0.0,0.00036000000000000002,0.0,0.0,1.26e-06,False,0.012,3.1222535499478048,1.7325547865643702,0.4867047646347113,0.0,0.64505873582192608,0.0,20.614835538235276,0.0,0.0,0.0,7.1085715483681617e-06,0.054984585373198114,0.0,0.054991693944746484,0.0,0.4867047646347113,0.0471030684731144,0,1.5592993079079331,-0.14453725517270127,0.098730160394002245,0.0,0.0011594574799452706,1.0673877875086981,0.0,0.0,0,3.9007820746475521,0.0,2.4340454523672812e-07,29.481598000055445
16,1,MS,3,blade,LeafElement1,37.032234610000003,0.00066,3.1485165149999998,24.863300859999999,0.00022900700000000001,False,0.022000000000000002,5.7162135219547006,3.3172179559831436,0.75235710594309446,1.0951931938251247e-05,1.4597905129792712,1.5053344927456007,48.277319665457725,0.0078254091190121423,30.530307424796174,0.0083268121498109565,0.00041508269103651213,0.63306895792226903,0.00072103232155060497,0.64181085276311645,0.42688121704190929,0.75235710594309446,0.05353302818159987,24.632746244928008,1.6284524511189975,-0.21942654104733292,3.1445658411856976,0.0084124189661449744,2.396501956149866e-07,0.00026315083458434936,125.81453510583174,1260.7275471396306,0.38231460742933682,3.8992825209865556,0.032408802468564743,2.2410495233616074e-07,54.318861177791121
16,1,MS,3,sheath,StemElement,0.0,0.00042000000000000002,0.0,0.0,4.0600000000000001e-06,False,0.013999999999999999,3.586184280949285,2.0213139176584289,0.50896271634237356,0.0,0.76774465014593518,0.0,19.713784085566381,0.0,0.0,0.0,0,0.057788821955628816,0.0,0.057788821955628816,0.0,0.50896271634237356,0.048052938195437843,0,1.5592993079079311,-0.1843687936345802,-0.98563593949870232,0.0,0.015,11.866006450081889,0.0,0.0,0,3.8838105505076315,0.0,2.4340454523672865e-07,34.353928931095219
16,1,MS,4,blade,LeafElement1,9.3132151920000013,9.5100000000000004e-06,2.1167535759999998,18.453217479999999,1.0699999999999999e-05,True,0.00029528200000000001,0.08473026445928214,0.0015756778238922183,4.4742743281284929e-05,3.7037796950094201e-07,0.001417644972031518,0.01583026243900219,0.49859091475568229,8.6651041497780765e-05,0.35874504919584005,0.00026156046354254049,5.8472675261856343e-07,0.0048279306727203987,2.2649263263199997e-05,0.0050900758630155578,0.013409308817259233,4.4742743281284929e-05,0.042818954113536534,19.299837030502331,0.057630741115394631,0.015563108236751961,0.3300386029956468,0.00026425319108414167,5.0120506097505092e-10,4.555069502362786e-07,104.11501952483269,1108.0020404143686,0.89474633884492982,4.0044598030037122,0.0010180341119479916,2.4774394345704961e-06,0.76543362371702806
20,1,MS,1,blade,LeafElement1,21.255757070000001,0.00054000000000000001,3.0276401599999998,22.148582080000001,0.00029428400000000002,False,0.018000000000000002,5.3027860669892544,2.7513596291032849,0.5680386882296995,1.559013904121568e-05,1.0860869513496392,2.7275659630331042,54.861448338954837,0.0055092567379098544,22.518825168916372,0.011198275108739546,0.0010802607713190427,0.49214915217486849,0.00089098605684544,0.5044276880549271,0.48786617617276856,0.5680386882296995,0.047424996087029291,54.551319260662083,1.6508157774619707,0.11946033340654712,10.002414549250394,0.011313434952591404,4.0785107273455861e-09,5.5605603097418709e-06,108.52433360229263,1140.5504303836849,0.62841049992926734,4.0315229111046369,0.003504803786829973,2.1832964675662497e-07,44.960301589767461
20,1,MS,1,sheath,StemElement,9.2098840539999998,0.00029999999999999997,1.884668131,19.573040880000001,0.000174251,False,0.01,2.9213384759792631,1.5138447000982302,0.34364170408733108,9.5055161778034061e-06,0.5627919466979191,0.58365941534491195,22.469509336250113,0.0011524936693652142,5.777393422656794,0.0041270419817015106,0.00011857661055439784,0.20345503990971206,0.000328405306494881,0.20770065850196798,0.17982081749040971,0.34364170408733108,0.045060215531684884,21.011738952416831,1.6349522761060886,0.068021030864532511,1.9762768425732971,0.004169977795466435,9.0667740097355464e-08,0.00010120304034875805,41.252058416282466,535.17969658071263,0.41687292744459703,4.0229191810198239,0.0012918228663346871,2.2240415148117851e-07,24.91270185124861
20,1,MS,2,blade,LeafElement1,23.11968761,0.00059999999999999995,3.1431614649999999,21.891148950000002,0.00028853,False,0.02,5.7978351486376347,3.0360503869344777,0.54332028787118125,1.6238163990848969e-05,1.3162718844945616,2.8723997251640032,58.013857300180518,0.0057803657068738702,24.014604478007879,0.011398194551248351,0.0010895804514161379,0.52797678518925506,0.00090689637749645003,0.54046456019191957,0.49657799297175731,0.54332028787118125,0.052416628247374475,51.703195052952061,1.6394672089446178,0.089907650683001758,9.0798370951344829,0.01151545874003132,7.4791864775990989e-09,9.8853813963350508e-06,102.56443289707165,1096.3601474343404,0.57566639147718945,4.0150002155550988,0.0035673889997397774,2.212335412565706e-07,49.971249890275047
20,1,MS,2,sheath,StemElement,0.0,0.00036000000000000002,0.0,0.0,1.26e-06,False,0.012,3.1766683900361872,1.7139438746905629,0.55307620363781529,0.0,0.6914123976855141,0.0,20.441093786030951,0.0,0.0,0.0,0,0.054932489138694356,0.0,0.054932489138694356,0.0,0.55307620363781529,0.051530935823013185,0,1.5425494872215066,-0.070746437302921128,-0.055724775311411325,0.0,0.015,13.722079256925216,0.0,0.0,0,3.9194217558834925,0.0,2.4843318785099275e-07,29.582366502007417
20,1,MS,3,blade,LeafElement1,27.29145827,0.00066,3.2124103470000001,21.52057379,0.00022900700000000001,False,0.022000000000000002,6.140182229848242,3.2853881876970208,0.73598732236708209,1.4473609187290668e-05,1.5452811613533262,2.580839931328418,62.897750599890898,0.0051204891182960906,22.499765942536406,0.0092459223091549379,0.0012143177214046573,0.56236987126909943,0.0007356644563354291,0.57283011129965899,0.40281865524282168,0.73598732236708209,0.05772136439255484,42.231926149010476,1.6128269285058099,0.0070988673001226455,9.1993766773080097,0.0093412146124394104,9.5717494326204307e-09,1.2535440302164076e-05,82.825937140660031,938.55915271957042,0.42451433926331206,3.9755706922705727,0.0028938270723667392,2.2827022040371676e-07,54.828320534058712
20,1,MS,3,sheath,StemElement,0.0,0.00042000000000000002,0.0,0.0,4.0600000000000001e-06,False,0.013999999999999999,3.6645409534536126,1.9996011871389903,0.66916953757867514,0.0,0.82160857444613866,0.0,20.420773971222612,0.0,0.0,0.0,0,0.059100777285517221,0.0,0.059100777285517221,0.0,0.66916953757867514,0.052486672452522136,0,1.5425494872215071,-0.095678577542035348,-0.94254587493604558,0.0,0.015,12.195447417835355,0.0,0.0,0,3.9072684633254502,0.0,2.4843318785099264e-07,34.486149527899755
20,1,MS,4,blade,LeafElement1,10.429975539999999,1.5299999999999999e-05,2.7302212180000001,19.689801939999999,1.7199999999999998e-05,True,0.00047561199999999999,0.13235641944800008,0.0018015364818744983,0.00010062167060497469,7.8648442048274264e-07,0.0032920661267210483,0.059612216497892813,0.8191023205032425,0.0001633884327724352,0.64582408543679992,0.0005902144039653973,1.6006078521060348e-06,0.0086470334088499159,4.6959804949599992e-05,0.0092388484206674185,0.025713197528246648,0.00010062167060497469,0.062020735035616732,45.121649452161456,0.040908543107080107,0.027367940277710483,0.56089412241702441,0.00059627947553374586,4.2669199234736345e-10,3.9354143384897363e-07,121.58349446088137,1232.3649322351696,1.2534926907260822,3.972510681344195,0.00018472219733591815,2.4889642667742487e-06,1.2285056284318638
24,1,MS,1,blade,LeafElement1,0.0,0.00054000000000000001,0.16219914099999999,11.33106151,0.00029428400000000002,False,0.018000000000000002,5.1961517791426441,2.72204152552405,0.55790570405277407,0.0021612295493321533,1.1575742887417229,1.9032443328617659,47.798279052548729,-1.608009145466451e-18,0.0,0.0,0.00063200302327511373,0.22338910185457572,4.7732612010043999e-05,0.22402110487785085,0.090067070204116473,0.55790570405277407,0.051594092790828286,38.064886657235313,1.63322491531443,0.12139731026238257,5.8518798451399414,0.002289962401413154,2.0367113615092588e-08,2.5433167615340795e-05,0.0,0.0,0,4.0106647901811021,0.00022631630593509278,2.228543484967639e-07,44.925154639312936
24,1,MS,1,sheath,StemElement,0.0,0.00029999999999999997,0.15640557399999999,11.166488409999999,0.000174251,False,0.01,2.8614694431626848,1.4977182944861249,0.34022479023600438,0.0012355237341484632,0.60244208843525904,0.40725890737577636,21.000573644413716,-2.8664983549354253e-19,0.0,0.0,7.0714350892780721e-05,0.11103891052568918,2.7253827675073997e-05,0.11110962487658196,0.051425478455385275,0.34022479023600438,0.049232320353609166,14.661320665527949,1.6175357580450149,0.069233630415070829,1.1785725148796786,0.001307496867286044,4.2748163110835706e-07,0.00045518638024628612,0.0,0.0,0,4.0015686309362062,0.00012921952816486273,2.2700347145713831e-07,24.892482960169371
24,1,MS,2,blade,LeafElement1,0.0,0.00059999999999999995,0.16304086100000001,11.354973490000001,0.00028853,False,0.02,5.7057149171353281,3.0036707429984526,0.53256226235428072,0.0021308001337578602,1.3953167763112844,2.004302761288085,51.526929905699561,-4.3511328409887241e-18,0.0,0.0,0.0006660029934712861,0.24578432532910829,4.7042179624330005e-05,0.24645032832257957,0.088764287483107759,0.53256226235428072,0.056715393354851519,36.077449703185529,1.6219822012191643,0.10305390264549366,5.5500249455940507,0.0022568390474330628,3.2749373382016658e-08,4.0091281489959203e-05,0.0,0.0,0,3.9984428289730971,0.00022304273467107176,2.258164769372563e-07,49.958174550589469
24,1,MS,2,sheath,StemElement,0.0,0.00036000000000000002,0.0,0.0,1.26e-06,False,0.012,3.1791158443292549,1.6955328791742219,0.7098749331190537,0.0,0.73781527668889157,0.0,20.376062478686137,0.0,0.0,0.0,0,0.055033298399796871,0.0,0.055033298399796871,0.0,0.7098749331190537,0.056122814815921615,0,1.5259795912567997,-0.034555326115641993,-0.22035478318153734,0.0,0.015,13.689490874734345,0.0,0.0,0,3.9202492397200936,0.0,2.5355404705897431e-07,29.63121683530386
24,1,MS,3,blade,LeafElement1,0.0,0.00066,0.163841282,11.377712750000001,0.00022900700000000001,False,0.022000000000000002,6.0945835815341107,3.2502829699223446,0.71997300718426072,0.0017011714033481427,1.6313468735020888,1.8008463614690235,56.165507601377982,-4.4409559497220292e-18,0.0,0.0,0.00075132344961937572,0.26913043844863355,3.7520800466974002e-05,0.26988176189825291,0.070798316443744902,0.71997300718426072,0.062196959912990291,29.468395005856749,1.5955934579618782,0.041964005472988675,5.6918443152983009,0.0018000528092243485,4.0411651198349867e-08,4.9174268277364185e-05,0.0,0.0,0,3.9677400338158075,0.00017789868603097702,2.3299308012013712e-07,54.868787597893345
24,1,MS,3,sheath,StemElement,0.0,0.00042000000000000002,0.0,0.0,4.0600000000000001e-06,False,0.013999999999999999,3.6792141558638973,1.9781216923699241,0.83172838666769278,0.0,0.87558742318650962,0.0,21.144734765730128,0.0,0.0,0.0,0,0.060432696641234275,0.0,0.060432696641234275,0.0,0.83172838666769278,0.05708796035216878,0,1.5259795912567991,-0.050369255307887106,-0.9365508413488618,0.0,0.015,12.527500137931641,0.0,0.0,0,3.9115807745038547,0.0,2.5355404705897457e-07,34.554801579050405
24,1,MS,4,blade,LeafElement1,0.0,2.2500000000000001e-05,0.165061973,11.41239245,2.5400000000000001e-05,True,0.00069971699999999998,0.19011203292702944,0.0018029747779717269,0.0098630106975042646,0.00018939598704785819,0.0060192238330516821,0.041598177349184334,1.2343944893698688,-7.0491124211116091e-22,0.0,0.0,0,0.0072867409037503106,4.1925741141999999e-06,0.0072867409037503106,0.0079110036341643042,0.0098630106975042646,0.077268772461660543,21.402000874219663,0.02782857584151114,0.0089868785553875192,-0.021040543004935297,0.00020113789466698006,0.015,14.083581510480499,0.0,0.0,0,3.9472094861618627,1.9878398560824181e-05,2.495074077107413e-06,1.8032741139029382
28,1,MS,1,blade,LeafElement1,0.0,0.00054000000000000001,0.111285922,10.24526352,0.00029428400000000002,False,0.018000000000000002,5.0710051839237886,2.6929280294350506,0.54795413839837437,0.0038939487153248414,1.2285669929828085,1.3278485073155022,43.431764305936753,-1.608009145466451e-18,0.0,0.0,0.00041285439039620298,0.19929569080814769,3.2749666269848003e-05,0.19970854519854389,0.066666817464559533,0.54795413839837437,0.05589509405311778,26.556970146310043,1.6157568176610302,0.11227543753644487,3.8227258370018791,0.0018397903113630276,7.3062529808216573e-08,8.5614130388180122e-05,0.0,0.0,0,3.9853598214796793,0.00012257316503324088,2.2748085522553158e-07,44.871000748335163
28,1,MS,1,sheath,StemElement,0.0,0.00029999999999999997,0.107704624,10.142548550000001,0.000174251,False,0.01,2.7915983874711472,1.4817023899218438,0.33684824144409559,0.0022284818471140009,0.64181225209407433,0.28413489687723964,20.05589525743186,-2.8664983549354253e-19,0.0,0.0,4.694381864261305e-05,0.10123501856848674,1.8767638436624e-05,0.10128196238712936,0.038204319872633334,0.33684824144409559,0.053536343105425481,10.228856287580628,1.6002385811155915,0.063231517113498281,0.78239697737688418,0.001054316678477269,1.4610832590094605e-06,0.0015058261365534437,0.0,0.0,0,3.975798529231469,7.024220718531263e-05,2.3170649001561881e-07,24.861982068136648
28,1,MS,2,blade,LeafElement1,0.0,0.00059999999999999995,0.111797433,10.259934510000001,0.00028853,False,0.02,5.5860734150813158,2.9715301155953888,0.52201831015984002,0.0038374487305861326,1.4738837432272889,1.3983545800359554,47.346363239706278,-4.3511328409887241e-18,0.0,0.0,0.00044848683191713978,0.22011588533946247,3.2256913343490002e-05,0.22056437217137961,0.06566374558205669,0.52201831015984002,0.061151560702562904,25.170382440647199,1.6046262624215097,0.10149107733380416,3.7373902659761646,0.0018121087450124146,1.0724579991259287e-07,0.00012405949188716857,0.0,0.0,0,3.9763385866357011,0.00012072892377394293,2.3050046813605838e-07,49.91710001545146
28,1,MS,2,sheath,StemElement,0.0,0.00036000000000000002,0.0,0.0,1.26e-06,False,0.012,3.1539819528645077,1.6773196525351828,0.86473598226713788,0.0,0.78411063307192563,0.0,20.395343957056859,0.0,0.0,0.0,0,0.055150028967184517,0.0,0.055150028967184517,0.0,0.86473598226713788,0.060870899584374319,0,1.5095876872816645,-0.013895840929020737,-0.24248424263791402,0.0,0.015,13.699158676021776,0.0,0.0,0,3.9117071981116567,0.0,2.5876832943798248e-07,29.65237830022215
28,1,MS,3,blade,LeafElement1,0.0,0.00066,0.11228329500000001,10.27386993,0.00022900700000000001,False,0.022000000000000002,6.0066678825358064,3.2154680124578756,0.70430853984862218,0.003061629616113371,1.7170518799004129,1.2564078671841639,51.770362056888793,-4.4409559497220292e-18,0.0,0.0,0.00051016694685287762,0.24138657751030498,2.5713660538065003e-05,0.24189674445715786,0.052343981135926948,0.70430853984862218,0.066819484492982126,20.55940146301359,1.5785024788429569,0.057307385717476643,3.8649011125217996,0.0014445259728086191,1.2907671589003163e-07,0.00014870742469259108,0.0,0.0,0,3.9523966401417039,9.6239293883821383e-05,2.378153501963278e-07,54.866576905293364
28,1,MS,3,sheath,StemElement,0.0,0.00042000000000000002,0.0,0.0,4.0600000000000001e-06,False,0.013999999999999999,3.6588123641702968,1.9568729279577117,0.99639863857617694,0.0,0.92948248403088696,0.0,21.78182143801444,0.0,0.0,0.0,0,0.061497507459283084,0.0,0.061497507459283084,0.0,0.99639863857617694,0.061848161906024386,0,1.5095876872816634,-0.023665010725413865,-0.80150419974873255,0.0,0.015,12.815373885853289,0.0,0.0,0,3.9055780970362348,0.0,2.587683294379829e-07,34.588294848201187
28,1,MS,4,blade,LeafElement1,0.0,3.0799999999999996e-05,0.11300105000000001,10.29445666,3.4700000000000003e-05,True,0.00095646399999999997,0.25407010368061717,0.0017987381205565682,0.023328061318814118,0.00039685545235703832,0.0097098606868359413,0.029022063403234034,1.6949381914259849,-7.0491124211116091e-22,0.0,0.0,0,0.0092916809156697571,3.9211364350000006e-06,0.0092916809156697571,0.0079820565135484637,0.023328061318814118,0.091273465750701152,10.923508699924151,0.02031061462011214,0.0091567501743075059,-0.015046634157967214,0.00022027915531119225,0.015,14.130463790706688,0.0,0.0,0,3.9231164255499609,1.4675755759001797e-05,2.497454991642744e-06,2.4637799643674527
32,1,MS,1,blade,LeafElement1,2.669526914,0.00054000000000000001,0.13075582699999999,9.5250902960000001,0.00029428400000000002,False,0.018000000000000002,5.0129218221389671,2.6764143110687111,0.54234047000001662,1.5320113269973031e-05,1.268966174012903,1.1737683582806466,42.936549283008922,0.00050449738821039722,2.8281566100944739,0.0022364240871002154,0.00039359852854251113,0.18847368354898267,3.8479347792868e-05,0.19110370616462538,0.078350837761281766,0.54234047000001662,0.058414595100123527,23.47536716561293,1.6058485866412264,0.11450768108383577,3.6444308198380653,0.0022607679382588915,8.43188555632172e-08,9.8041498601039584e-05,10.075827684344583,146.65032747201988,0.12550079052189758,3.9732993488323434,0.00013057078088054755,2.3016608439371043e-07,44.853316567580436
32,1,MS,1,sheath,StemElement,0.92953846099999993,0.00029999999999999997,0.088879736999999986,9.3682277230000004,0.000174251,False,0.01,2.7525908682287787,1.4726049595097892,0.33493527085228092,1.5716256218399057e-05,0.6642068329851013,0.2497128025568891,19.917732039855981,0.00010123131190964463,0.58310282292375948,0.00089904014694856111,4.4794463664908963e-05,0.095526158471525374,1.5487383051986996e-05,0.096469993082138841,0.031535083270771196,0.33493527085228092,0.056057961368827285,8.9896608920480077,1.5904133562705722,0.061598374644941063,0.74657439441514939,0.00090992652058296934,1.6816313627401609e-06,0.0017245899548575137,3.6424835617993554,54.38294932858669,0.090812136055410206,3.9609942065043726,5.2552857958494486e-05,2.3443986364612788e-07,24.845369129785308
32,1,MS,2,blade,LeafElement1,2.9166598779999999,0.00059999999999999995,0.13340731,9.5124808260000009,0.00028853,False,0.02,5.5287623313460221,2.9533000816783677,0.51607999476110511,1.5842549136414121e-05,1.5186147508712056,1.2377162852699719,46.989924335827808,0.0005397474199412488,3.0295579485576241,0.0022371017158789547,0.00043527666135658187,0.20817714336032156,3.8492011154300001e-05,0.21084952173755708,0.078376622631192036,0.51607999476110511,0.063750529491765837,22.278893134859498,1.5947820441063185,0.10684542504046386,3.6273055113048489,0.002261511945711153,1.1730943541274784e-07,0.00013500586157719622,9.7023614974784742,141.42113769634381,0.11298493514540174,3.9655012703702743,0.00013061375107327664,2.3321886481374315e-07,49.904519939360085
32,1,MS,2,sheath,StemElement,0.0,0.00036000000000000002,0.0,0.0,1.26e-06,False,0.012,3.1313968435159234,1.6669864497337004,0.95257095095988142,0.0,0.81051569240565957,0.0,20.403265412690374,0.0,0.0,0.0,0,0.055200036364728713,0.0,0.055200036364728713,0.0,0.95257095095988142,0.063656528373385715,0,1.5002878047603303,-0.0045308781655934872,-0.22406051506456465,0.0,0.015,13.70312917802692,0.0,0.0,0,3.9039468249831408,0.0,2.6179434883178838e-07,29.656198250207296
32,1,MS,3,blade,LeafElement1,3.3092538330000001,0.00066,0.13111824599999999,9.4842047279999999,0.00022900700000000001,False,0.022000000000000002,5.9579961751125454,3.195718428315367,0.69550020028814441,1.4855374461988274e-05,1.7658959452372593,1.1117803093821617,51.172229321373372,0.00048286916286874499,2.7282322531217917,0.0017448443336207616,0.00048473303967118528,0.22741666520560275,3.0026996161722e-05,0.22964624257889468,0.061140337341210438,0.69550020028814441,0.069529019728358718,18.192768698980824,1.5688072284457253,0.068519730270235404,3.6722199975089791,0.00176416893992226,1.5047916516577324e-07,0.00017199784211801674,7.892833560729164,115.86643644335365,0.080112228357243409,3.9437600429083184,0.00010188967748200564,2.4061415744943497e-07,54.866749263206948
32,1,MS,3,sheath,StemElement,0.0,0.00042000000000000002,0.0,0.0,4.0600000000000001e-06,False,0.013999999999999999,3.6365097460065159,1.9448175246893111,1.0912333932859064,0.0,0.96023615664398798,0.0,22.074700157090632,0.0,0.0,0.0,0,0.061982849022136202,0.0,0.061982849022136202,0.0,1.0912333932859064,0.064641702690862293,0,1.5002878047603259,-0.011587288169124426,-0.70480077077926129,0.0,0.015,12.946377305048399,0.0,0.0,0,3.8989605140753718,0.0,2.6179434883178976e-07,34.596745902650504
32,1,MS,4,blade,LeafElement1,1.4196222440000001,4.0200000000000001e-05,0.121433365,9.3058269750000004,4.5200000000000001e-05,True,0.0012471520000000001,0.3266353788062295,0.0017985241714128387,0.023698929694817621,1.8867298821671629e-06,0.012444537880078262,0.031248541405233938,2.2049414682573705,4.1420090063493603e-05,0.23100093154368001,0.00031904243997813624,1.5876911041759759e-06,0.011339666094831509,5.4887880980000005e-06,0.011660296225913821,0.011176154754165576,0.023698929694817621,0.089752912392238607,9.0201313920710682,0.015574734315671752,0.012739531349037084,0.21217556803768051,0.00032248145729110673,1.4212375991635498e-07,0.00013365577054866805,11.936405564983977,172.47582934570502,0.25840081312222268,3.907895831703085,1.8624934910579451e-05,2.4985420483372656e-06,3.2105084881148795
36,1,MS,1,blade,LeafElement1,25.793533329999999,0.00054000000000000001,2.8741637180000001,23.91669607,0.00029428400000000002,False,0.018000000000000002,5.2630177222084846,2.6479493001291119,0.53266601913505829,2.0194449664030522e-05,1.3398971668141129,2.9860668123072056,59.769167820800597,0.0073149232798708896,27.326246984948593,0.016072194068105301,0.0013243052906023491,0.57788983012886497,0.00084582039558791209,0.59528632948757265,0.49108405847425901,0.53266601913505829,0.062948806947992028,59.721336246144112,1.5887695800774668,0.25240554133148307,12.262086024095824,0.016236654930233348,2.213722284116865e-09,3.1803903719276921e-06,143.38499275985342,1371.910865366706,0.90191885904070146,4.0238176963032286,0.00021738022525776121,2.3490163464434386e-07,45.174343460451169
36,1,MS,1,sheath,StemElement,12.124856469999999,0.00029999999999999997,1.8220886549999999,21.239042699999999,0.000174251,False,0.01,2.8140220516821612,1.4568932828451429,0.33160525840339822,1.143911987813449e-05,0.70336615023406668,0.65339400436152384,25.025500562828618,0.001597694353737529,7.6059661131142908,0.0060327165611804845,0.00016949725478350618,0.23966903676680984,0.00031750077022240497,0.24587125058277384,0.18434122376671391,0.33160525840339822,0.060585889957913829,23.522184157014863,1.5734447454727543,0.11249999899041657,2.8249542463917696,0.0060948523741866725,3.1042994484429353e-08,3.7276916413893752e-05,57.061165227046359,701.62406955716324,0.60936530921014997,3.9841717937581542,8.1599343442748066e-05,2.3926960192209678e-07,24.945959630487657
36,1,MS,2,blade,LeafElement1,28.713013870000001,0.00059999999999999995,3.0540320780000001,23.666475600000002,0.00028853,False,0.02,5.797908180949257,2.9218726977734857,0.50586142462088024,2.1229078501417873e-05,1.5971496649200323,3.2082624869658609,65.867708785069695,0.0079101303667457323,29.824437210879964,0.016744071719489117,0.0015371939734491352,0.63017723719868246,0.00088117987546534003,0.64845850289162077,0.51161380329281059,0.50586142462088024,0.068425731117364996,57.748724765385504,1.5778112567976823,0.24928089913214022,12.809949778742794,0.016915427487950246,2.6634612941524694e-09,3.8076726266179224e-06,139.62129008505812,1348.9480560074091,0.84566018785298558,4.0150131869486456,0.0002264677948420934,2.3801335529257441e-07,50.252200703012143
36,1,MS,2,sheath,StemElement,0.0,0.00036000000000000002,0.0,0.0,1.26e-06,False,0.012,3.0853690969395506,1.649079865681961,1.1047692683202819,0.0,0.85647240075560327,0.0,20.475111336926943,0.0,0.0,0.0,0,0.055303303931903205,0.0,0.055303303931903205,0.0,1.1047692683202819,0.068644020213230184,0,1.4841718791137648,-0.0017631132257291237,-0.41623384302302985,0.0,0.015,13.739105095052063,0.0,0.0,0,3.8878782075906195,0.0,2.6715793819964524e-07,29.65612721198087
36,1,MS,3,blade,LeafElement1,35.07166677,0.00066,3.229657328,22.942333810000001,0.00022900700000000001,False,0.022000000000000002,6.1846288423594835,3.1616393568953391,0.68036703985511593,1.9041406957174583e-05,1.8515517771049761,2.9239016150783321,69.674411379136089,0.0072233612955500378,28.91396589119061,0.014053930366991206,0.0015833880094261801,0.65019185106782384,0.00073961413571329605,0.6658291694442412,0.42942061147456162,0.68036703985511593,0.074398488376508184,47.845662792190879,1.5520775024758935,0.18786045401086951,11.995363707774091,0.014197883576397393,4.3174410551793846e-09,6.0272054476156443e-06,116.29133410495156,1195.9558740948712,0.64526769361759428,3.9831215402187201,0.00019008466604003747,2.4555480143171424e-07,55.179037762321606
36,1,MS,3,sheath,StemElement,0.0,0.00042000000000000002,0.0,0.0,4.0600000000000001e-06,False,0.013999999999999999,3.5882551495563479,1.9239265099622807,1.2574761295729628,0.0,1.0137801875269001,0.0,22.560256643735084,0.0,0.0,0.0,0,0.062692016156895319,0.0,0.062692016156895319,0.0,1.2574761295729628,0.069644423491029825,0,1.4841718791137595,-0.0063160132220159062,-0.82351945417706829,0.0,0.015,13.161738125367998,0.0,0.0,0,3.8844399948802977,0.0,2.6715793819964704e-07,34.602035337083251
36,1,MS,4,blade,LeafElement1,11.191565130000001,5.0900000000000004e-05,2.4256663719999998,20.087959309999999,5.7299999999999997e-05,True,0.0015816060000000002,0.40754893918635671,0.0018259942113328371,0.02402850948097672,3.3899140954043904e-06,0.018466976714504649,0.20097155169533892,2.8969745530924995,0.00060395523071141068,2.3085960550164,0.0026410791213929271,1.8376700815997833e-05,0.030875958819944902,0.00013899068311559997,0.03353541464215383,0.080698111691992369,0.02402850948097672,0.10504640286827381,45.744489215596055,0.012468805430932,0.081307040342819645,1.9365021815376089,0.0026681122517704147,3.8127619433970091e-10,3.6801194651874102e-07,134.89476091615978,1319.4676458968647,1.6867391046036013,3.8902725147106771,3.5721325900870749e-05,2.4990859152318479e-06,4.0617302016151475
40,1,MS,1,blade,LeafElement1,28.447890510000001,0.00054000000000000001,4.5190566570000001,29.297760010000001,0.00029428400000000002,False,0.018000000000000002,5.4249015850372606,2.6195700383418306,0.52316383610013062,2.3056868094172051e-05,1.4114593423899109,4.602094533324304,71.23288352016543,0.0085279891188224932,30.138332439041424,0.019252591651402397,0.0020768237044233718,0.89324431963733819,0.0013298860692485882,0.91457373499316397,0.51335172656017281,0.52316383610013062,0.067682871270084197,92.041890666486083,1.571742023005098,0.3460183995928785,19.229849115031218,0.019449316152470975,5.7396925559233041e-10,9.1288912811351854e-07,166.61291263748379,1504.3501174471596,1.0803923485635463,4.0546529547018224,4.8267404456546295e-05,2.3976202940242766e-07,45.407789498855742
40,1,MS,1,sheath,StemElement,14.833186489999999,0.00029999999999999997,3.0575666250000002,25.23644457,0.000174251,False,0.01,2.8571827514782853,1.4412694234030539,0.32830589704584451,1.2815588972021095e-05,0.74266908238224982,1.0709213005876628,29.63462986218979,0.0020551528114678111,9.3049112846483624,0.0077126996746107119,0.00028859273350383482,0.33854240140451081,0.00053278404197287506,0.34654369381262534,0.20566093153003631,0.32830589704584451,0.065293197619764168,38.553166821155862,1.5565709772752983,0.14689526245763965,4.8098788917305804,0.0077918594027958409,6.2892108519907362e-09,8.4255099793590691e-06,73.232976425872266,854.81449980655088,0.77906057319300115,4.0000144800164268,1.9337072127109659e-05,2.4421373891916394e-07,25.028423262431961
40,1,MS,2,blade,LeafElement1,31.81484665,0.00059999999999999995,4.8088685280000005,29.16507957,0.00028853,False,0.02,5.9760802450226889,2.890553784972596,0.4958447345271364,2.4207360332629142e-05,1.6763757239911246,4.979890485203307,79.045396954703932,0.0092778533813135857,33.046335734128199,0.020086687748148643,0.0024658655907053646,0.98417591412804695,0.0013875028363838401,1.006728467466901,0.5355924790363672,0.4958447345271364,0.073304110050645632,89.638028733659539,1.5608990438852017,0.3475760166378572,20.548879922544707,0.020291949777718268,6.4524443353095199e-10,1.0255106900012259e-06,163.21563405782791,1485.9191225304194,1.0144791791994265,4.0459514362660132,5.0358569908311029e-05,2.4293184994790362e-07,50.509598826156669
40,1,MS,2,sheath,StemElement,0.0,0.00036000000000000002,0.0,0.0,1.26e-06,False,0.012,3.0413645554868243,1.6313656321755545,1.2564934693455623,0.0,0.90217479304852521,0.0,20.908675714561507,0.0,0.0,0.0,0,0.055876277800381784,0.0,0.055876277800381784,0.0,1.2564934693455623,0.073784734735717894,0,1.4682290689579989,-0.0072311897313113065,-0.93880362697399822,0.0,0.015,13.95485068337508,0.0,0.0,0,3.8721898070239744,0.0,2.7261803109643906e-07,29.657825062821065
40,1,MS,3,blade,LeafElement1,39.2898219,0.00066,5.1322077239999997,28.141354490000001,0.00022900700000000001,False,0.022000000000000002,6.3394164136718985,3.1277345712246136,0.66556247778056332,2.1711488746766799e-05,1.9377994912975418,4.5717358355785729,83.414556254325831,0.0085363963969587921,32.391519277871886,0.017014706448763069,0.0025455413472977688,0.99412563042570246,0.001175311494250068,1.0136858782217633,0.4536841153319191,0.66556247778056332,0.07946839855856884,74.810222764013005,1.5354333349648099,0.27044720042777093,19.284404146195214,0.01718869409784737,1.0390778816275403e-09,1.6132560005692311e-06,137.02801946914653,1332.8634058835476,0.7812078259303521,4.0088042291766319,4.2657214454053916e-05,2.506142743841334e-07,55.420073047826584
40,1,MS,3,sheath,StemElement,0.0,0.00042000000000000002,0.0,0.0,4.0600000000000001e-06,False,0.013999999999999999,3.540462246426832,1.9032599042048062,1.4251686102525405,0.0,1.0670452364426133,0.0,23.370031453225639,0.0,0.0,0.0,0,0.063827142381386523,0.0,0.063827142381386523,0.0,1.4251686102525405,0.0748017698013827,0,1.4682290689579935,-0.010982839419396564,-1.344946326373512,0.0,0.015,13.515918103833808,0.0,0.0,0,3.8697788136185567,0.0,2.7261803109644102e-07,34.607507482869444
40,1,MS,4,blade,LeafElement1,13.15606185,6.2600000000000004e-05,3.975562381,24.16463396,7.0400000000000004e-05,True,0.0019440310000000001,0.49613332147345407,0.0018199994586758997,0.024486056721453646,4.8033969704626226e-06,0.025813285197107332,0.42199209263530169,3.8849843101092207,0.00095478976615458958,3.3342723152640001,0.004051785449651648,3.1122472830132948e-05,0.05255708347726519,0.00027987959162240002,0.056639991399746972,0.10803682729716485,0.024486056721453646,0.11947590482188081,78.145437674969486,0.010110946869519938,0.1064034239729235,2.6682078655238302,0.0040931827078722546,2.7067573910128671e-10,2.7825188056072801e-07,172.57225058480066,1535.9576427341653,2.1052712510272236,3.8797662985538035,1.0158059220519751e-05,2.4994113275956491e-06,4.993375178099134
44,1,MS,1,blade,LeafElement1,19.871335640000002,0.00054000000000000001,3.7861694130000001,23.165700910000002,0.00029428400000000002,False,0.018000000000000002,5.4910573505514542,2.5915481140736039,0.51383115077717578,2.9842142431093734e-05,1.4833042143780235,4.7039160841959928,72.680915044478851,0.005005631694501838,21.052138094934339,0.020610220462549168,0.0019976767402661811,0.59046038872327389,0.0011142090795352921,0.6130682859260892,0.48426970201964575,0.51383115077717578,0.072593683353997907,94.078321683919839,1.554928868444162,0.38860513309648748,18.497006854316488,0.020821144988493086,6.4492896966004348e-10,1.0372851634549042e-06,98.739704461815052,1067.1957334041715,1.1565780282014122,4.0668600269253359,8.8646691073179738e-05,2.4470261275579862e-07,45.54579013635805
44,1,MS,1,sheath,StemElement,8.8484449070000011,0.00029999999999999997,2.4274488180000002,21.236138919999998,0.000174251,False,0.01,2.8582902161138626,1.4258319619068573,0.32503929942547466,1.8597665637564218e-05,0.78199613681643032,1.0772829533354145,30.345895365184589,0.0010975216100304638,5.5506613445627657,0.0078235608706386378,0.00025843934139812115,0.25960290942327291,0.00042298538398531801,0.26768490963530966,0.18384252078314464,0.32503929942547466,0.070166415089917208,38.782186320074921,1.5398985188594059,0.15422141860296826,4.3073223566353525,0.0079042974695960264,8.7574241017018164e-09,1.1907350678006129e-05,39.295141625580285,513.2921992659443,0.79025867380188264,4.0004163249702422,3.365279941737283e-05,2.4924254661485206e-07,25.06885778150172
44,1,MS,2,blade,LeafElement1,22.29030994,0.00059999999999999995,3.993902098,23.3512056,0.00028853,False,0.02,6.0490887767618151,2.8596249965537717,0.48602637216296729,3.1042084530536974e-05,1.7559155112659146,5.1109640628078763,81.029441380370301,0.0054856598210963614,23.153123257157521,0.021315916610499617,0.0024067952688652818,0.66595776084407232,0.00115236057233594,0.68968047272343724,0.50085151991138299,0.48602637216296729,0.078362549704540763,91.997353130541782,1.5441974981390365,0.39243010879415152,20.056627240544014,0.021534079192422787,6.9392897058690849e-10,1.1181785409932493e-06,97.406035836927245,1056.8733213076437,1.0765614449747281,4.0582332112946462,9.1682031260579961e-05,2.4793191674962716e-07,50.662147145170586
44,1,MS,2,sheath,StemElement,0.0,0.00036000000000000002,0.0,0.0,1.26e-06,False,0.012,3.0044774426336009,1.6138416830060773,1.4106041760003072,0.0,0.94763882503618579,0.0,21.904613671053415,0.0,0.0,0.0,0,0.057151161958436926,0.0,0.057151161958436926,0.0,1.4106041760003072,0.079083060232715219,0,1.4524575147054697,-0.015145614384918973,-1.4833429437680659,0.0,0.015,14.441788871472633,0.0,0.0,0,3.8587858804301121,0.0,2.7817581320146035e-07,29.666401981955502
44,1,MS,3,blade,LeafElement1,25.667466749999999,0.00066,3.9908965260000002,23.234221479999999,0.00022900700000000001,False,0.022000000000000002,6.3816180026831892,3.0942329331308311,0.65108003295271122,2.7509861860334118e-05,2.024271959282014,4.601618831093945,84.998227548445968,0.0047190333713148574,21.1609064088621,0.016905503522156057,0.0024194239266757899,0.71465446986841852,0.00091394324072968213,0.73397939731725037,0.39722797900339091,0.65108003295271122,0.084719094903558098,75.299217236082725,1.5189870762642259,0.29954602089858651,18.328969141483256,0.017078791652301559,1.210187460578108e-09,1.8990410610259399e-06,76.401138075639977,883.02358069938919,0.77619391745436428,4.0156456747101164,7.2713501987594118e-05,2.5576000290595475e-07,55.548747104822347
44,1,MS,3,sheath,StemElement,0.0,0.00042000000000000002,0.0,0.0,4.0600000000000001e-06,False,0.013999999999999999,3.4994835953048238,1.8828152968404159,1.5970995002159047,0.0,1.1200432641111393,0.0,24.752419180103722,0.0,0.0,0.0,0,0.065671456513171619,0.0,0.065671456513171619,0.0,1.5970995002159047,0.080117728923840836,0,1.4524575147054639,-0.0189586912971225,-1.9059704699542694,0.0,0.015,14.106559466148903,0.0,0.0,0,3.856980240275782,0.0,2.7817581320146242e-07,34.619526859415963
44,1,MS,4,blade,LeafElement1,9.7591630000000009,7.5599999999999994e-05,3.3102228439999997,21.519185350000001,8.5099999999999995e-05,True,0.0023476960000000002,0.59589605834082449,0.0018300821729634036,0.025235907750255207,7.2041999556227127e-06,0.03463401709566296,0.51262998764514711,5.1429605171183415,0.00073275061898379846,2.9898171766799999,0.0052108098023132933,3.3543176370819026e-05,0.055105471814762046,0.00028169996402439997,0.060349824793446159,0.12243551066191083,0.025235907750255207,0.13274980548752341,78.607620216694556,0.00841884446197666,0.11885946918855261,2.3812833497763353,0.0052641069812961764,6.7064253681906704e-10,7.3552473819203999e-07,110.63478301592899,1155.8441754920091,2.2419615847881929,3.87380732877266,2.2412103926322261e-05,2.4995992498342511e-06,6.0305300754364879
48,1,MS,1,blade,LeafElement1,0.0,0.00054000000000000001,0.34820275700000003,15.615844699999998,0.00029428400000000002,False,0.018000000000000002,5.2370450455084168,2.5638845103404426,0.50466499675645249,0.0067909112704181446,1.5546942447630552,3.2820664635287651,60.753237948410991,-4.1699432727543718e-10,0.0,0.0,0.00098071053963565634,0.33187813562433455,0.00010247050014098802,0.33285884616397021,0.15389136081124297,0.50466499675645249,0.077648573244514657,65.641329270575298,1.5383307062042655,0.28381650810092957,9.080653144774594,0.0070746088501410578,5.4508578610960403e-09,7.9080633291422414e-06,0.0,0.0,0,4.0187384140443934,0.0001603288524509697,2.4972297127255648e-07,45.363167861700042
48,1,MS,1,sheath,StemElement,0.0,0.00029999999999999997,0.33651947799999998,15.29560161,0.000174251,False,0.01,2.7697785029002611,1.410615701632935,0.32180551659260054,0.0038892430856319487,0.82109694366925934,0.75164550603784852,27.457306221221629,-7.0996306013516713e-11,0.0,0.0,0.00012625880135017363,0.16605798235679423,5.8638855560977997e-05,0.1661842411581444,0.088064499209790009,0.32180551659260054,0.075182858077528822,27.059238217362548,1.5234649577635699,0.11794221656373068,2.104313355836227,0.0040484526370326568,7.5104394998728775e-08,9.5843660224126113e-05,0.0,0.0,0,3.9675550975089022,9.1748360827695254e-05,2.5434423309910899e-07,25.019446875140947
48,1,MS,2,blade,LeafElement1,0.0,0.00059999999999999995,0.34987338400000001,15.661660899999999,0.00028853,False,0.02,5.7807568114940091,2.8290791492509157,0.47640247832717975,0.0066914692780720335,1.8349695741801564,3.5660781873431171,67.968361609173584,-4.5654989796300659e-10,0.0,0.0,0.0012021554444583758,0.37117379179218435,0.00010094896748552,0.37237594723664275,0.15160630579007536,0.47640247832717975,0.083569330216307303,64.189407372176106,1.5277027405954946,0.28783424759316745,10.017962037153131,0.0069695615596980301,5.568656664598597e-09,8.1120806229853822e-06,0.0,0.0,0,4.011960216511862,0.00015794821037073956,2.5301458034512384e-07,50.472869242817019
48,1,MS,2,sheath,StemElement,0.0,0.00036000000000000002,0.0,0.0,1.26e-06,False,0.012,2.9733866531889608,1.5965059741601417,1.5697529805099573,0.0,0.99289078729294455,0.0,23.214858217020051,0.0,0.0,0.0,0,0.058751963597389593,0.0,0.058751963597389593,0.0,1.5697529805099573,0.084544390952500853,0,1.4368553767441274,-0.017617157119086988,-1.5212675273412353,0.0,0.015,15.064645552237229,0.0,0.0,0,3.8473041827915675,0.0,2.8383246185281506e-07,29.680563154767622
48,1,MS,3,blade,LeafElement1,0.0,0.00066,0.35146066299999995,15.705197220000001,0.00022900700000000001,False,0.022000000000000002,6.1531568067711033,3.0611321040784563,0.6369128111318012,0.0053382673743896606,2.1102530511695554,3.2106731449962762,72.722343707138776,-3.6501903060339793e-10,0.0,0.0,0.0012560983222930058,0.40446160743217013,8.0486952051640989e-05,0.40571770575446314,0.12087621863594104,0.6369128111318012,0.090124363919915254,52.538287827211789,1.5027375783657875,0.22288893610280158,9.515896381007618,0.0055568549243144938,8.6480350360034534e-09,1.2390708813561385e-05,0.0,0.0,0,3.9777831932509606,0.00012593264053518648,2.6099239682538095e-07,55.406267000797804
48,1,MS,3,sheath,StemElement,0.0,0.00042000000000000002,0.0,0.0,4.0600000000000001e-06,False,0.013999999999999999,3.4643401952078849,1.8625903031868241,1.775888071933021,0.0,1.1727999849708464,0.0,26.440144839218128,0.0,0.0,0.0,0,0.06779635394959882,0.0,0.06779635394959882,0.0,1.775888071933021,0.085597381798771452,0,1.4368553767441217,-0.021256024919120948,-1.9058723465639162,0.0,0.015,14.804704241144671,0.0,0.0,0,3.8458323849454956,0.0,2.8383246185281718e-07,34.637140180178733
48,1,MS,4,blade,LeafElement1,0.0,8.9599999999999996e-05,0.35285775600000002,15.743521940000001,0.00010079799999999999,True,0.0027820240000000001,0.69997884698799795,0.001870999069816045,0.071550063101554331,0.0023546168519932645,0.045028715054235349,0.35768683129945716,6.3617830723319067,-5.7259902163875898e-11,0.0,0.0,0,0.04464999868030485,3.5567356089288e-05,0.04464999868030485,0.053415459293236975,0.071550063101554331,0.14565323229738161,46.285459531551339,0.0072633413493245515,0.046825426188695674,-0.1364070103445692,0.0024555860644691605,0.015,16.946425043576607,0.0,0.0,0,3.8641977500326861,5.5649902934645437e-05,2.4997060668264066e-06,7.1450075620422329
