t,air_temperature,humidity,ambient_CO2,Wind,PARi
0,15.2,0.79,360,3.318,0
1,13.5,0.87,360,1.209,0
2,11.9,0.91,360,0.615,0
3,12.8,0.91,360,0.77,0
4,13.2,0.94,360,0.819,161600
5,15.8,0.81,360,1.018,565600
6,17.7,0.73,360,1.255,1454400
7,18.9,0.69,360,2.148,2626000
8,17.7,0.73,360,3.044,1373600
9,18.8,0.68,360,3.171,2262400
10,15.9,0.85,360,2.638,767600
11,15.7,0.88,360,4.193,1252400
12,16,0.89,360,3.542,1575600
13,16.4,0.87,360,2.301,1818000
14,14.2,0.92,360,1.88,525200
15,12.9,0.93,360,3.028,323200
16,13.1,0.94,360,2.85,363600
17,13.7,0.91,360,1.391,525200
18,13.1,0.97,360,0.457,161600
19,12.9,0.98,360,0.766,0
20,12.8,0.97,360,1.165,0
21,12.5,1,360,1.163,0
22,12.6,0.99,360,0.973,0
23,12.7,0.99,360,1.023,0
24,12.6,0.79,360,1.745,0
25,12.5,0.87,360,2.039,0
26,12.1,0.91,360,3.143,0
27,11.6,0.91,360,1.387,0
28,11.4,0.94,360,0.531,80800
29,11.9,0.81,360,0.569,282800
30,12.8,0.73,360,0.994,686800
31,12.9,0.69,360,1.28,525200
32,12.8,0.73,360,1.192,363600
33,13.1,0.68,360,1.389,727200
34,13,0.85,360,2.492,606000
35,13.8,0.88,360,3.261,848400
36,15,0.89,360,3.032,1696800
37,16,0.87,360,3.501,1414000
38,15.8,0.92,360,2.497,1333200
39,15.7,0.93,360,2.183,1090800
40,16.4,0.94,360,2.746,363600
41,16.6,0.91,360,1.347,242400
42,16.4,0.97,360,0.826,40400
43,13.7,0.98,360,2.783,40400
44,13.7,0.97,360,3.546,0
45,13.3,1,360,2.592,0
46,12.6,0.99,360,3.807,0
47,11.9,0.99,360,3.773,0
48,11.2,0.96,360,4.556,0
49,10.6,0.98,360,4.208,0
50,10,0.99,360,3.257,0
51,8.8,0.99,360,2.076,0
52,10.3,0.98,360,1.107,282800
53,12.3,0.91,360,1.158,1414000
54,11.7,0.92,360,2.275,767600
55,12.8,0.84,360,3.328,363600
56,12.2,0.92,360,4.387,606000
57,13.5,0.9,360,4.319,1535200
58,15.6,0.78,360,3.64,4484400
59,17,0.73,360,4.027,6342800
60,18.5,0.65,360,4.066,5898400
61,19.3,0.59,360,4.286,4040000
62,18.4,0.61,360,4.557,3918800
63,18.6,0.5,360,4.133,3151200
64,18.2,0.52,360,4.863,1373600
65,17.4,0.54,360,4.443,1535200
66,15.4,0.62,360,5.371,606000
67,14.3,0.7,360,4.916,121200
68,12.9,0.8,360,5.137,0
69,12.2,0.85,360,3.986,0
70,11.5,0.9,360,3.935,0
71,11,0.92,360,3.654,0
72,10.7,0.95,360,3.731,0
73,10.2,0.96,360,4.012,0
74,10.2,0.98,360,3.27,0
75,10.4,0.97,360,3,0
76,10.5,0.94,360,3.186,80800
77,11.4,0.93,360,3.573,888800
78,12,0.9,360,3.173,2020000
79,13,0.87,360,3.7,1616000
80,12.8,0.87,360,3.001,2262400
81,15,0.79,360,3.183,3716800
82,14.7,0.78,360,3.107,2464400
83,14.1,0.79,360,3.718,929200
84,15.4,0.75,360,3.496,3514800
85,16.2,0.72,360,4.041,2383600
86,16.4,0.67,360,3.366,3312800
87,16.7,0.7,360,3.199,2424000
88,15.9,0.68,360,3.269,2545200
89,15.1,0.75,360,2.55,525200
90,14.1,0.79,360,3.086,606000
91,13.6,0.78,360,2.795,80800
92,12.9,0.84,360,3.22,0
93,11.6,0.92,360,3.594,0
94,11.1,0.93,360,3.188,0
95,10.8,0.93,360,2.458,0
96,10.6,0.93,360,2.728,0
97,10.2,0.92,360,3.508,0
98,9.6,0.93,360,3.796,0
99,9,0.94,360,4.01,40400
100,8.6,0.97,360,3.7,80800
101,9.3,0.97,360,3.331,363600
102,10.7,0.89,360,2.495,1333200
103,12,0.84,360,3.693,3393600
104,13,0.78,360,4.043,3110800
105,12.8,0.79,360,4.036,2100800
106,13.4,0.78,360,4.263,3716800
107,12.6,0.89,360,4.874,2141200
108,14.8,0.79,360,4.636,5009600
109,14.4,0.84,360,4.804,2868400
110,15.4,0.77,360,5.089,3110800
111,13.8,0.91,360,3.949,2100800
112,15.3,0.83,360,4.141,2868400
113,15.5,0.78,360,3.672,2060400
114,12.9,0.85,360,3.421,565600
115,11.5,0.94,360,3.406,40400
116,11.2,0.93,360,3.367,0
117,10.2,0.96,360,2.755,0
118,9.8,0.96,360,1.716,0
119,9.5,0.96,360,1.668,0
120,8.3,0.97,360,1.607,0
121,8.2,0.99,360,0.645,0
122,7.1,1,360,0.237,0
123,7,1,360,0.974,0
124,7.6,1,360,0.927,363600
125,10.5,0.97,360,0.802,1171600
126,13.5,0.85,360,0.683,2343200
127,14.7,0.8,360,0.451,3474400
128,15.1,0.79,360,0.696,3474400
129,14.6,0.83,360,1.364,1333200
130,16.8,0.75,360,1.317,3676400
131,16.6,0.73,360,1.166,3151200
132,17.8,0.62,360,1.195,4120800
133,18.7,0.57,360,1.012,4686400
134,18.1,0.6,360,1.196,3918800
135,17.9,0.65,360,1.379,2787600
136,16.4,0.69,360,2.235,1333200
137,15.7,0.72,360,2.658,323200
138,13.6,0.91,360,1.9,40400
139,13.2,0.95,360,1.955,0
140,13.2,0.95,360,1.585,0
141,13.2,0.96,360,1.042,0
142,12.5,0.98,360,0.499,0
143,12.4,1,360,2.198,0
144,12.4,1,360,1.344,0
145,12.4,1,360,1.067,0
146,12.4,0.99,360,1.917,0
147,12.1,0.99,360,0.54,0
148,12.3,1,360,0.179,121200
149,12.7,1,360,0.094,565600
150,13.1,1,360,0.605,808000
151,13.6,0.98,360,1.161,767600
152,13.9,0.95,360,0.926,929200
153,14.3,0.94,360,1.227,1212000
154,15,0.9,360,0.615,1858400
155,15.7,0.87,360,1.087,1858400
156,15.3,0.9,360,1.254,1535200
157,13.8,0.96,360,1.084,242400
158,14.2,0.97,360,1.473,848400
159,14.6,0.92,360,1.105,1979600
160,14.9,0.93,360,1.406,1171600
161,14.6,0.92,360,1.469,1333200
162,13.9,0.95,360,1.77,282800
163,13.1,0.97,360,1.306,40400
164,12.2,0.99,360,1.157,0
165,11.9,1,360,2.178,0
166,11.7,1,360,2.042,0
167,11.7,1,360,2.245,0
168,11.7,1,360,2.336,0
169,11.5,1,360,2.502,0
170,11.6,1,360,2.864,0
171,11.7,1,360,2.509,0
172,11.7,1,360,2.851,0
173,11.8,1,360,3.16,121200
174,12,1,360,3.275,363600
175,12.6,0.96,360,3.37,888800
176,12.2,0.97,360,3.53,848400
177,12.9,0.95,360,3.455,1454400
178,13,0.93,360,3.949,1171600
179,14,0.89,360,3.861,1494800
180,14.6,0.86,360,3.952,2141200
181,15,0.83,360,4.197,2262400
182,14.8,0.84,360,4.071,1494800
183,14.9,0.82,360,4.228,929200
184,13.8,0.88,360,3.468,686800
185,12.8,0.93,360,3.685,565600
186,12.2,0.98,360,3.598,242400
187,11.9,0.99,360,2.933,40400
188,11.9,0.99,360,2.551,0
189,11.7,0.99,360,2.269,0
190,11.5,1,360,2.716,0
191,11.5,1,360,2.062,0
192,11.3,1,360,2.21,0
193,11.2,0.99,360,2.005,0
194,11.1,0.99,360,2.719,0
195,11,0.99,360,2.546,0
196,10.9,1,360,2.501,161600
197,10.8,0.99,360,2.192,202000
198,11.3,0.98,360,2.38,525200
199,11.3,0.98,360,2.295,646400
200,11.4,0.98,360,2.581,686800
201,12,0.96,360,2.845,929200
202,13.7,0.91,360,2.668,2020000
203,13.6,0.88,360,2.881,2424000
204,13.1,0.91,360,3.54,1696800
205,12.8,0.91,360,3.491,1939200
206,12.7,0.95,360,2.91,848400
207,12,0.99,360,2.359,808000
208,12,1,360,2.444,444400
209,11.9,1,360,1.5,161600
210,11.6,1,360,1.456,161600
211,11.5,1,360,1.26,80800
212,11.8,1,360,0.906,0
213,11.5,1,360,1.049,0
214,10.8,1,360,1.045,0
215,10.3,1,360,1.214,0
216,9.8,1,360,0.891,0
217,10.4,1,360,0.977,0
218,9.9,1,360,0.574,0
219,10.2,1,360,0.264,0
220,11,1,360,0.43,363600
221,12.3,0.99,360,0.473,1090800
222,12.7,0.94,360,1.174,2060400
223,13.7,0.86,360,2.129,3191600
224,14.8,0.78,360,2.371,3676400
225,14.6,0.81,360,3.181,2747200
226,15,0.79,360,3.316,3393600
227,16.4,0.74,360,3.028,5413600
228,16.2,0.73,360,2.435,4201600
229,16.9,0.67,360,2.235,2787600
230,16.3,0.71,360,2.23,1818000
231,16.3,0.71,360,2.41,1373600
232,16.4,0.72,360,1.713,848400
233,16.2,0.79,360,0.879,484800
234,15.5,0.79,360,0.196,282800
235,14.7,0.81,360,0.345,40400
236,14.2,0.87,360,0.271,0
237,13.2,0.95,360,0.363,0
238,12.5,0.95,360,0.288,0
239,12.1,0.98,360,0.422,0
240,11.7,0.99,360,0.33,0
241,11.5,1,360,0.342,0
242,11.3,1,360,0.543,0
243,10.2,1,360,0.64,0
244,10.6,1,360,0.832,202000
245,11.9,1,360,0.344,1212000
246,14.7,0.94,360,0.501,2504800
247,16.3,0.83,360,0.77,2222000
248,17.3,0.79,360,0.475,3070400
249,18.3,0.69,360,0.598,4040000
250,19,0.72,360,1.032,3878400
251,18.1,0.73,360,1.421,3272400
252,18.8,0.7,360,2.14,3474400
253,19.6,0.68,360,2.122,4080400
254,19.2,0.7,360,2.079,3434000
255,19.9,0.6,360,2.813,4767200
256,18.5,0.69,360,2.347,1656400
257,16.6,0.84,360,2.831,848400
258,15.6,0.88,360,2.294,363600
259,14.2,0.93,360,1.426,40400
260,14.1,0.96,360,1.062,0
261,14.1,0.92,360,1.135,0
262,13.3,0.93,360,1.298,0
263,12,0.96,360,1.151,0
264,11,0.98,360,1.208,0
265,10,0.99,360,0.778,0
266,10,1,360,0.432,0
267,9.7,1,360,0.721,0
268,10,1,360,1.048,363600
269,11.4,0.98,360,0.827,1252400
270,13.1,0.9,360,0.691,2464400
271,15.8,0.75,360,1.303,3676400
272,16.6,0.68,360,1.819,4888400
273,16.7,0.7,360,3.328,5575200
274,17.5,0.64,360,3.783,5575200
275,18.2,0.63,360,3.578,6221600
276,18.6,0.61,360,3.494,5777200
277,18.8,0.61,360,3.245,5736800
278,19.2,0.59,360,2.909,5454000
279,19.1,0.58,360,2.571,3555200
280,19.2,0.55,360,2.836,3070400
281,17,0.65,360,2.919,1858400
282,16.1,0.72,360,3.229,686800
283,13.7,0.84,360,2.549,121200
284,12.3,0.87,360,2.77,0
285,11.5,0.88,360,1.526,0
286,10.7,0.89,360,0.921,0
287,9.9,0.94,360,0.848,0
288,9.1,0.96,360,0.878,0
289,8.5,0.97,360,1.008,0
290,7.5,0.99,360,1.159,0
291,7.2,1,360,0.901,0
292,7.9,1,360,0.688,242400
293,9.7,0.99,360,0.788,1212000
294,10.6,0.95,360,0.967,1292800
295,10.9,0.95,360,0.98,565600
296,11.8,0.91,360,0.83,646400
297,11.7,0.94,360,0.664,686800
298,13.9,0.86,360,1.093,2666400
299,16,0.77,360,1.095,5413600
300,16.1,0.74,360,1.592,2060400
301,16.3,0.78,360,1.292,2545200
302,15.8,0.82,360,1.393,1696800
303,15,0.82,360,2.068,646400
304,15.3,0.76,360,1.823,646400
305,14.8,0.81,360,0.809,484800
306,14.1,0.85,360,1.018,121200
307,13.3,0.89,360,0.776,40400
308,12.3,0.92,360,0.759,0
309,12.2,0.93,360,0.423,0
310,12.2,0.94,360,0.64,0
311,12.3,0.96,360,0.382,0
312,11.8,0.99,360,0.641,0
313,10.2,1,360,0.808,0
314,9.8,1,360,1.053,0
315,10.2,1,360,0.844,0
316,10.3,1,360,1.469,161600
317,10.8,1,360,1.12,565600
318,13,0.95,360,1.44,1777600
319,14.3,0.85,360,1.146,2464400
320,15.8,0.78,360,0.696,4403600
321,16.3,0.76,360,1.117,3716800
322,16.2,0.76,360,1.27,3151200
323,16.9,0.74,360,1.42,2949200
324,17.6,0.7,360,1.775,4444000
325,17.4,0.69,360,2.402,3918800
326,18.6,0.62,360,2.677,4524800
327,19.1,0.62,360,2.01,3110800
328,19.2,0.57,360,1.807,3232000
329,18.5,0.63,360,1.746,2060400
330,16.1,0.75,360,1.639,565600
331,14.7,0.81,360,1.167,40400
332,14.7,0.83,360,0.793,0
333,14.6,0.84,360,0.432,0
334,14,0.86,360,0.197,0
335,13.7,0.91,360,0.28,0
336,13.5,0.92,360,0.164,0
337,12.9,0.95,360,0.282,0
338,12.2,0.97,360,0.405,0
339,12.5,0.96,360,0.653,0
340,12.6,0.98,360,0.351,242400
341,14.6,0.89,360,0.651,606000
342,15.6,0.84,360,0.511,1010000
343,16.1,0.82,360,1.258,1373600
344,17.3,0.77,360,1.984,2585600
345,18.6,0.69,360,2.192,4363200
346,17.3,0.76,360,2.427,2585600
347,18.1,0.7,360,3.125,2383600
348,18.5,0.69,360,3.139,3878400
349,17.9,0.68,360,3.741,2787600
350,18.4,0.7,360,3.788,3353200
351,18.2,0.68,360,3.362,3191600
352,18.1,0.65,360,3.461,2100800
353,17.2,0.72,360,2.881,929200
354,15.9,0.79,360,2.03,444400
355,14.7,0.84,360,1.192,80800
356,14.6,0.85,360,0.373,0
357,14.7,0.84,360,0.349,0
358,13.7,0.93,360,0.946,0
359,13.1,0.96,360,1.77,0
360,12.9,0.97,360,1.266,0
361,12.8,0.98,360,1.402,0
362,12.6,0.98,360,2.266,0
363,12.6,0.98,360,2.357,0
364,12.6,0.99,360,2.476,80800
365,12.8,0.98,360,2.234,242400
366,12.9,0.97,360,2.4,646400
367,13.3,0.96,360,2.878,1252400
368,14.1,0.95,360,3.559,1656400
369,14.9,0.92,360,3.045,2464400
370,15.1,0.91,360,3.187,1979600
371,15.1,0.93,360,2.336,1818000
372,12.5,0.96,360,2.034,1333200
373,12.7,0.99,360,2.745,1010000
374,12.9,0.93,360,3.649,2545200
375,14.2,0.84,360,4.603,2141200
376,14.5,0.76,360,3.683,2949200
377,13.9,0.78,360,4.124,1777600
378,13,0.7,360,3.452,888800
379,10.3,0.78,360,3.524,161600
380,9.5,0.79,360,2.988,0
381,9.2,0.81,360,1.806,0
382,9,0.84,360,1.933,0
383,8.4,0.86,360,2.094,0
384,8.2,0.88,360,2.604,0
385,8,0.9,360,2.487,0
386,7.9,0.9,360,2.712,0
387,7.9,0.91,360,2.418,0
388,8.6,0.9,360,2.475,404000
389,9.9,0.87,360,2.358,1333200
390,11.4,0.82,360,2.741,2222000
391,13.4,0.78,360,2.976,3838000
392,13.8,0.68,360,2.771,3999600
393,15.5,0.62,360,3.053,5777200
394,16.1,0.56,360,2.998,6100400
395,16.4,0.52,360,3.371,5454000
396,17.5,0.46,360,2.626,5575200
397,18,0.48,360,2.158,6423600
398,17.7,0.46,360,2.52,5050000
399,18.5,0.47,360,2.382,4282400
400,18.2,0.49,360,2.107,2949200
401,17.7,0.52,360,2.529,1777600
402,16.2,0.57,360,1.717,888800
403,14.8,0.6,360,1.41,121200
404,13.2,0.73,360,0.36,0
405,11.8,0.82,360,0.722,0
406,11.7,0.82,360,0.714,0
407,10.4,0.86,360,0.741,0
408,10,0.9,360,0.897,0
409,9.7,0.9,360,1.089,0
410,9.4,0.9,360,1.198,0
411,9.2,0.9,360,1.177,0
412,10.8,0.87,360,1.127,363600
413,13.7,0.79,360,1.052,1414000
414,15.9,0.71,360,1.189,2585600
415,18.5,0.62,360,1.755,3797600
416,20.5,0.58,360,2.005,4848000
417,21.9,0.53,360,2.068,5696400
418,23.3,0.5,360,2.4,6262000
419,24.7,0.46,360,2.595,6423600
420,25.7,0.45,360,2.589,6544800
421,26.6,0.43,360,2.236,6100400
422,26.8,0.49,360,2.552,5413600
423,26.9,0.45,360,2.762,3999600
424,26,0.48,360,3.15,2181600
425,24.1,0.58,360,2.561,1090800
426,22.7,0.65,360,1.496,767600
427,20.2,0.75,360,1.375,161600
428,19.3,0.79,360,1.47,0
429,18.7,0.82,360,1.552,0
430,18.4,0.81,360,1.642,0
431,19.8,0.69,360,1.805,0
432,21.1,0.66,360,1.58,0
433,20.9,0.69,360,2.546,0
434,20,0.75,360,3.342,0
435,17.6,0.87,360,2.655,0
436,18.1,0.88,360,0.974,202000
437,20.2,0.79,360,1.319,929200
438,20.4,0.76,360,1.587,1050400
439,20.1,0.79,360,3.581,888800
440,20.8,0.77,360,2.483,1535200
441,22.6,0.7,360,1.051,3151200
442,23.8,0.65,360,1.478,4646000
443,23.9,0.67,360,1.253,3959200
444,24.8,0.68,360,1.842,5252000
445,25.8,0.59,360,2.101,5615600
446,25.7,0.61,360,2.601,5050000
447,24.7,0.64,360,3.438,3878400
448,25.3,0.6,360,2.813,2989600
449,24.8,0.64,360,2.911,1858400
450,22.4,0.79,360,2.644,686800
451,21.3,0.84,360,1.804,161600
452,19.7,0.91,360,0.931,0
453,18.5,0.93,360,0.422,0
454,18.1,0.95,360,0.866,0
455,17.3,0.93,360,0.999,0
456,16.4,0.92,360,1.345,0
457,16,0.92,360,1.797,0
458,15.3,0.97,360,1.686,0
459,15.2,0.99,360,1.439,0
460,15.9,0.99,360,1.637,121200
461,16.7,0.97,360,0.751,161600
462,17.3,0.95,360,0.774,1535200
463,18.3,0.9,360,1.574,2504800
464,19.3,0.89,360,1.527,2424000
465,21.1,0.81,360,0.973,5332800
466,22.3,0.76,360,1.492,6140800
467,24.4,0.63,360,1.112,6504400
468,24.9,0.62,360,1.133,5898400
469,25.1,0.62,360,0.927,5656000
470,26.2,0.58,360,1.058,4524800
471,26.4,0.62,360,1.334,3434000
472,26.2,0.59,360,1.589,2747200
473,22.9,0.74,360,1.307,363600
474,18.7,0.87,360,1.81,242400
475,18.5,0.9,360,3.188,0
476,17.1,0.98,360,1.685,0
477,17.2,0.99,360,2.644,0
478,17.4,1,360,2.136,0
479,16.3,1,360,2.099,0
480,16.3,1,360,0.93,0
481,15,1,360,0.716,0
482,14.8,1,360,0.817,0
483,15.1,1,360,0.61,40400
484,15.1,1,360,0.567,323200
485,17.4,1,360,1.137,40400
486,17.6,0.96,360,2.653,161600
487,19.7,0.91,360,2.873,2181600
488,22.2,0.81,360,1.468,4565200
489,23.4,0.78,360,1.231,4807600
490,23.3,0.75,360,2.702,5050000
491,24.3,0.68,360,1.994,4282400
492,22.5,0.77,360,1.717,2747200
493,21.9,0.77,360,2.39,80800
494,22.5,0.77,360,3.124,1454400
495,25.2,0.64,360,2.485,4201600
496,23.3,0.75,360,0.963,2545200
497,22.7,0.82,360,1.804,848400
498,21.9,0.86,360,1.183,202000
499,20.5,0.91,360,1.262,0
500,19.3,0.94,360,1.226,0
501,19.6,0.94,360,1.246,0
502,19.3,0.96,360,1.788,0
503,18.7,0.99,360,1.86,0
504,18.8,0.99,360,1.764,0
505,18,1,360,2.075,0
506,17.2,1,360,1.122,0
507,17.3,0.99,360,0.989,40400
508,17,0.97,360,1.102,161600
509,17.8,0.97,360,1.768,1252400
510,17.8,0.99,360,1.699,929200
511,17.3,1,360,2.329,606000
512,17.3,0.98,360,2.496,1575600
513,16.9,0.99,360,1.937,404000
514,16.5,0.99,360,1.332,404000
515,16.3,0.98,360,1.339,404000
516,17.2,0.91,360,1.308,1414000
517,19.4,0.73,360,1.156,3070400
518,22.1,0.64,360,0.893,5454000
519,22,0.58,360,0.93,4646000
520,21.8,0.53,360,1.273,3232000
521,21.6,0.63,360,1.765,2302800
522,20.1,0.75,360,1.295,929200
523,18.2,0.78,360,0.805,121200
524,16.4,0.9,360,0.663,0
525,16,0.92,360,0.878,0
526,15.4,0.95,360,0.44,0
527,15,0.97,360,0.554,0
528,15.1,0.98,360,0.519,0
529,15.7,0.98,360,0.528,0
530,15.8,0.96,360,0.973,0
531,15.6,0.95,360,1.188,0
532,15.7,0.95,360,0.888,202000
533,16.4,0.92,360,0.585,565600
534,17.3,0.87,360,0.839,1292800
535,18.9,0.7,360,1.295,3474400
536,19.8,0.64,360,2.413,4201600
537,20.6,0.65,360,2.415,5211600
538,21.9,0.57,360,1.844,6302400
539,22.2,0.56,360,1.453,6100400
540,23.1,0.57,360,1.613,5898400
541,22.9,0.57,360,1.887,5938800
542,22.9,0.62,360,2.241,5252000
543,23.1,0.55,360,2.525,4322800
544,22.5,0.58,360,2.828,3272400
545,21.9,0.61,360,3.118,2060400
546,20,0.69,360,2.95,969600
547,17.6,0.78,360,2.468,161600
548,16.3,0.84,360,1.505,0
549,16,0.85,360,1.213,0
550,14.9,0.86,360,2.286,0
551,14.5,0.87,360,1.091,0
552,14.4,0.86,360,1.836,0
553,13.5,0.9,360,2.269,0
554,13.4,0.89,360,2.027,0
555,13,0.89,360,1.833,0
556,14,0.85,360,1.475,363600
557,15.7,0.78,360,0.403,1292800
558,17.3,0.71,360,1.275,2383600
559,19,0.69,360,1.797,3676400
560,20.6,0.64,360,2.722,4726800
561,21.7,0.61,360,3.294,5656000
562,22.6,0.61,360,3.837,6221600
563,22.8,0.58,360,3.473,6544800
564,23,0.56,360,3.16,6504400
565,23.2,0.56,360,3.74,6140800
566,23.4,0.54,360,3.427,5454000
567,23.2,0.53,360,3.339,4484400
568,22.6,0.48,360,3.454,3272400
569,21.9,0.56,360,3.604,2181600
570,20,0.61,360,3.245,848400
571,17.1,0.74,360,2.285,242400
572,15.8,0.8,360,1.645,0
573,14.6,0.87,360,1.232,0
574,13.9,0.88,360,1.247,0
575,13.9,0.88,360,1.103,0
576,13.4,0.9,360,0.861,0
577,13.5,0.9,360,1.103,0
578,12.7,0.93,360,1.283,0
579,12.1,0.95,360,1.373,0
580,13.5,0.92,360,1.625,404000
581,15.5,0.84,360,1.444,1414000
582,17.2,0.81,360,1.592,2585600
583,19.2,0.7,360,2.9,3878400
584,20.9,0.64,360,2.526,4969200
585,21.6,0.6,360,3.26,5858000
586,22.2,0.55,360,3.615,5696400
587,22.6,0.59,360,3.911,6625600
588,22.8,0.59,360,3.61,6706400
589,23.4,0.56,360,4.068,6221600
590,23.3,0.55,360,3.936,5292400
591,23.1,0.56,360,3.674,4363200
592,22.3,0.57,360,3.848,2908800
593,20.6,0.63,360,3.885,1575600
594,19.8,0.69,360,3.721,1010000
595,17.1,0.79,360,2.938,161600
596,15.6,0.86,360,1.769,0
597,14.7,0.89,360,0.996,0
598,14.1,0.91,360,0.956,0
599,14.3,0.89,360,0.793,0
600,14,0.9,360,0.701,0
601,14,0.91,360,0.707,0
602,13.4,0.91,360,1.058,0
603,13.1,0.93,360,0.854,0
604,14.1,0.9,360,0.573,444400
605,15.5,0.85,360,1.323,1414000
606,17.2,0.78,360,1.496,2949200
607,17.1,0.76,360,2.78,3232000
608,18.9,0.71,360,3.701,4848000
609,18.8,0.74,360,3.901,4686400
610,18.5,0.75,360,4.43,4484400
611,18.7,0.75,360,4.82,2626000
612,19.8,0.68,360,4.2,4403600
613,20.4,0.66,360,4.48,3676400
614,19.8,0.67,360,4.459,2868400
615,20.1,0.64,360,4.72,3110800
616,19.3,0.59,360,4.914,2706800
617,17.7,0.68,360,5.538,1818000
618,17.1,0.66,360,5.367,686800
619,14.5,0.79,360,4.81,202000
620,13.6,0.82,360,3.801,0
621,13.4,0.81,360,2.169,0
622,12.4,0.84,360,3.259,0
623,11.7,0.87,360,3.942,0
624,11,0.91,360,3.655,0
625,10.7,0.92,360,1.871,0
626,10.2,0.95,360,1.274,0
627,10.3,0.95,360,1.525,0
628,11.2,0.95,360,0.823,323200
629,11.7,0.93,360,0.853,444400
630,12.8,0.9,360,1.913,848400
631,14,0.87,360,2.571,1333200
632,15.5,0.81,360,2.898,2464400
633,17.1,0.75,360,4.048,5171200
634,17.7,0.7,360,5.49,4403600
635,17.4,0.67,360,4.949,5050000
636,19.2,0.62,360,4.973,5130800
637,19,0.62,360,4.287,4686400
638,18.9,0.56,360,4.42,4646000
639,18.6,0.59,360,4.794,3636000
640,18.7,0.6,360,5.25,3353200
641,17.6,0.61,360,5.227,1979600
642,16.5,0.66,360,4.861,1090800
643,14.4,0.76,360,5,161600
644,13.6,0.81,360,3.634,0
645,12.9,0.83,360,3.308,0
646,12,0.83,360,3.697,0
647,11.1,0.86,360,3.521,0
648,10.3,0.91,360,3.147,0
649,9.8,0.94,360,2.063,0
650,9.8,0.95,360,1.737,0
651,10.1,0.95,360,1.414,40400
652,11.3,0.91,360,1.943,363600
653,12.6,0.87,360,1.404,1414000
654,14.4,0.81,360,1.762,2626000
655,15.4,0.74,360,3.44,3838000
656,16.5,0.7,360,5.309,4888400
657,18,0.66,360,5.066,5938800
658,18.4,0.65,360,5.062,6262000
659,17.2,0.66,360,5.201,5858000
660,18.4,0.62,360,5.271,5252000
661,18.2,0.6,360,4.697,6060000
662,18.4,0.61,360,4.808,4928800
663,18,0.63,360,5.602,4161200
664,16.6,0.71,360,5.546,2262400
665,16,0.76,360,5.43,484800
666,15.2,0.81,360,4.472,404000
667,14,0.86,360,5.196,80800
668,14.4,0.82,360,4.147,0
669,14,0.84,360,2.887,0
670,14,0.83,360,2.922,0
671,12.5,0.88,360,4.146,0
672,12.6,0.89,360,3.962,0
673,12.4,0.9,360,3.428,0
674,11.8,0.92,360,2.917,0
675,12,0.93,360,3.239,0
676,12.2,0.93,360,2.195,121200
677,13,0.89,360,2.416,404000
678,13.7,0.76,360,3.104,1252400
679,14.4,0.73,360,4.643,1737200
680,13.9,0.72,360,4.37,1656400
681,14.8,0.7,360,4.484,2585600
682,15,0.69,360,4.971,2343200
683,16.9,0.65,360,4.666,4444000
684,16.8,0.67,360,4.702,4040000
685,17.4,0.66,360,4.632,3838000
686,17.2,0.68,360,5.212,2747200
687,17.5,0.66,360,5.199,2181600
688,17.3,0.7,360,4.675,1939200
689,16.6,0.74,360,5.227,808000
690,16.2,0.77,360,4.066,525200
691,15.3,0.81,360,3.46,121200
692,14.5,0.84,360,3.387,0
693,14.2,0.84,360,3.4,0
694,13.4,0.86,360,3.461,0
695,12.6,0.88,360,3.781,0
696,11.9,0.9,360,3.768,0
697,11.9,0.9,360,3.253,0
698,12.1,0.9,360,2.472,0
699,12.2,0.89,360,2.59,0
700,12.2,0.9,360,2.196,121200
701,12.7,0.88,360,2.466,363600
702,13.6,0.85,360,2.356,929200
703,14.9,0.83,360,2.806,2222000
704,16.8,0.75,360,3.855,4282400
705,17.9,0.74,360,3.599,4444000
706,19,0.68,360,3.555,5938800
707,20.2,0.65,360,4.127,6948800
708,20.7,0.62,360,4.725,6221600
709,20.8,0.59,360,4.346,5615600
710,21.5,0.52,360,4.286,5130800
711,21.1,0.47,360,3.856,4201600
712,20.7,0.47,360,4.19,3070400
713,20.1,0.5,360,4.123,2141200
714,17.8,0.68,360,4.554,444400
715,16.7,0.78,360,3.418,161600
716,15.2,0.84,360,3.03,0
717,13.8,0.91,360,2.989,0
718,13.6,0.93,360,1.858,0
719,12.8,0.94,360,1.925,0
720,12.7,0.93,360,1.444,0
721,11.5,0.97,360,1.229,0
722,11.3,0.98,360,1.232,0
723,10.4,0.99,360,0.942,0
724,11.7,1,360,0.519,121200
725,12.1,0.99,360,1.622,404000
726,12.5,0.95,360,2.108,565600
727,13.9,0.83,360,2.667,1171600
728,14.6,0.82,360,2.307,1373600
729,15.2,0.77,360,2.273,1898800
730,16.6,0.7,360,2.426,2787600
731,17.3,0.7,360,1.635,4322800
732,18.5,0.6,360,1.393,6666000
733,20,0.56,360,1.491,5938800
734,20.9,0.54,360,1.655,5494400
735,21.4,0.54,360,1.925,4565200
736,20.9,0.5,360,2.35,3312800
737,20.7,0.55,360,2.568,2222000
738,19.4,0.62,360,2.282,1010000
739,16.6,0.75,360,1.717,202000
740,15.3,0.79,360,0.843,0
741,15.2,0.77,360,0.83,0
742,13.9,0.87,360,0.888,0
743,13.9,0.93,360,0.809,0
744,13.3,0.89,360,0.788,0
745,12.2,0.91,360,2.482,0
746,11.6,0.94,360,1.819,0
747,12.9,0.92,360,1.017,0
748,13.4,0.91,360,1.497,161600
749,13.7,0.86,360,1.215,484800
750,15,0.76,360,2.208,1494800
751,15.8,0.7,360,3.259,2989600
752,15.7,0.69,360,3.441,3030000
753,17.4,0.6,360,3.574,5171200
754,17.8,0.58,360,3.634,5494400
755,18.8,0.55,360,3.432,5534800
756,19.1,0.56,360,3.29,6585200
757,18.8,0.53,360,3.33,6181200
758,19.2,0.51,360,3.358,4888400
759,19.5,0.53,360,3.346,4888400
760,19,0.53,360,3.76,3353200
761,18.3,0.54,360,3.834,2262400
762,17,0.6,360,3.673,1090800
763,14.4,0.69,360,3.149,242400
764,12.1,0.8,360,2.491,0
765,12,0.79,360,1.331,0
766,11.3,0.82,360,0.922,0
767,10.2,0.87,360,1.167,0
768,9.8,0.91,360,1.158,0
769,10,0.92,360,1.438,0
770,9.2,0.94,360,1.908,0
771,8.9,0.93,360,1.302,0
772,11,0.88,360,0.818,444400
773,13.3,0.8,360,0.382,1454400
774,15.1,0.73,360,0.603,2666400
775,16.8,0.65,360,1.884,3878400
776,18.9,0.54,360,2.122,5009600
777,19.4,0.46,360,2.454,5858000
778,20.8,0.43,360,3.114,6423600
779,21.5,0.43,360,3.382,6706400
780,22,0.44,360,3.171,6666000
781,22.8,0.42,360,2.974,6302400
782,23.1,0.38,360,2.551,5575200
783,23.1,0.38,360,2.75,4565200
784,22.9,0.43,360,3.067,3110800
785,22.3,0.46,360,2.655,2020000
786,20.1,0.53,360,2.931,1090800
787,17.4,0.64,360,2.488,161600
788,16.4,0.68,360,1.766,0
789,15.5,0.71,360,1.697,0
790,14.5,0.76,360,1.254,0
791,14,0.77,360,1.423,0
792,13.3,0.79,360,1.49,0
793,12.9,0.81,360,0.994,0
794,12.6,0.84,360,1,0
795,12.3,0.84,360,1.285,40400
796,12.8,0.84,360,0.457,323200
797,15.7,0.78,360,0.155,1414000
798,18.3,0.65,360,0.903,2504800
799,19.8,0.55,360,1.614,3838000
800,21.8,0.48,360,2.89,4969200
801,22.8,0.44,360,3.634,5494400
802,22.9,0.44,360,3.843,6019600
803,23.9,0.41,360,3.679,6423600
804,24,0.42,360,3.308,6544800
805,24.7,0.38,360,3.64,6060000
806,25,0.41,360,3.35,4767200
807,24.6,0.42,360,2.777,4524800
808,24.4,0.4,360,3.278,3434000
809,22.7,0.51,360,3.441,2181600
810,21,0.55,360,3.803,848400
811,18.5,0.6,360,3.799,121200
812,16.1,0.69,360,2.891,0
813,16.5,0.64,360,1.258,0
814,15,0.72,360,1.818,0
815,14.9,0.74,360,2.246,0
816,13.8,0.79,360,2.292,0
817,13.6,0.8,360,1.946,0
818,12.7,0.84,360,2.006,0
819,12.7,0.84,360,1.99,40400
820,13.9,0.81,360,1.988,404000
821,15.8,0.73,360,1.932,1373600
822,18.2,0.61,360,2.53,2424000
823,19.7,0.56,360,2.856,3757200
824,21,0.5,360,3.805,4928800
825,21.5,0.45,360,4.724,5332800
826,22.2,0.42,360,4.887,5211600
827,22.4,0.42,360,4.362,5090400
828,22,0.43,360,3.855,4120800
829,22.5,0.44,360,3.725,4040000
830,23.5,0.4,360,3.412,4444000
831,22.7,0.43,360,3.054,3636000
832,22.5,0.45,360,3.144,3151200
833,21.6,0.5,360,3.142,1737200
834,20,0.55,360,2.744,888800
835,17.4,0.66,360,2.441,202000
836,15.7,0.72,360,1.665,0
837,14.6,0.77,360,1.022,0
838,14.6,0.76,360,0.968,0
839,14.1,0.79,360,0.494,0
840,12.9,0.84,360,0.743,0
841,12.6,0.86,360,0.886,0
842,11.7,0.9,360,0.606,0
843,11.2,0.92,360,0.76,40400
844,12.1,0.91,360,0.493,363600
845,14.9,0.85,360,0.506,1373600
846,17.6,0.7,360,0.799,2504800
847,19.7,0.59,360,2.096,3757200
848,21.1,0.56,360,2.617,4807600
849,22.1,0.49,360,3.696,5736800
850,22.8,0.47,360,3.688,6302400
851,23.5,0.45,360,3.185,6585200
852,24.1,0.39,360,2.853,6625600
853,24.1,0.41,360,2.643,6019600
854,25,0.36,360,2.421,5454000
855,25.2,0.38,360,3.099,4524800
856,24.3,0.47,360,2.523,3312800
857,22.3,0.55,360,2.979,1616000
858,20.8,0.63,360,3.207,808000
859,19.6,0.63,360,2.366,202000
860,17.1,0.75,360,2.671,0
861,17.3,0.76,360,1.54,0
862,15.7,0.79,360,0.448,0
863,15.1,0.81,360,1.053,0
864,14.2,0.86,360,0.669,0
865,13.6,0.88,360,0.967,0
866,13.6,0.88,360,1.196,0
867,13.3,0.88,360,1.71,0
868,13.5,0.89,360,2.661,282800
869,13.9,0.9,360,2.506,686800
870,15,0.86,360,3.327,1939200
871,16.3,0.81,360,3.549,1979600
872,16.7,0.76,360,3.417,2302800
873,17.4,0.73,360,3.97,2383600
874,18.4,0.63,360,3.69,3393600
875,19.3,0.58,360,3.347,5292400
876,19.8,0.52,360,3.277,5211600
877,20.5,0.49,360,2.989,3676400
878,21.5,0.47,360,2.704,3555200
879,20.3,0.47,360,2.95,4242000
880,20.5,0.47,360,3.119,2868400
881,20.1,0.46,360,2.637,2181600
882,18.4,0.52,360,2.633,1050400
883,15.1,0.63,360,2.29,202000
884,13.8,0.67,360,1.409,0
885,13.7,0.65,360,1.233,0
886,12.2,0.72,360,1.487,0
887,12.5,0.7,360,1.16,0
888,11.5,0.74,360,1.209,0
889,11.7,0.73,360,1.051,0
890,11.2,0.79,360,0.691,0
891,11.7,0.77,360,0.955,0
892,13.8,0.71,360,0.59,484800
893,16,0.59,360,0.665,1414000
894,16.8,0.59,360,0.879,2545200
895,19.3,0.47,360,1.136,3716800
896,20.2,0.42,360,1.129,4807600
897,20.7,0.44,360,2.079,5656000
898,21,0.4,360,1.725,5252000
899,22.8,0.41,360,1.544,5656000
900,21.9,0.41,360,1.252,5615600
901,23.2,0.39,360,1.871,4524800
902,23.3,0.42,360,1.353,4848000
903,23.4,0.4,360,1.677,2868400
904,21.8,0.55,360,1.758,1656400
905,16.1,0.96,360,1.079,161600
906,16.3,0.97,360,3.61,242400
907,16.2,0.98,360,0.709,121200
908,15.8,1,360,0.485,0
909,15,1,360,0.603,0
910,15.3,1,360,0.955,0
911,15.4,0.99,360,1.119,0
912,14.9,1,360,1.028,0
913,14.2,1,360,0.672,0
914,13.6,1,360,0.728,0
915,12.2,1,360,0.298,0
916,14.5,1,360,0.247,242400
917,14.6,1,360,0.405,484800
918,15.3,1,360,0.853,1010000
919,16.5,1,360,0.896,1454400
920,16.9,0.93,360,0.963,2060400
921,18.4,0.85,360,2.095,2949200
922,20.3,0.65,360,1.757,4444000
923,21.9,0.63,360,2.622,3959200
924,22.9,0.5,360,3.098,6302400
925,21.7,0.54,360,3.755,4080400
926,19.5,0.71,360,4.275,2666400
927,18.8,0.71,360,5.302,1252400
928,20,0.68,360,3.935,2181600
929,19.3,0.72,360,3.03,808000
930,19.2,0.77,360,2.493,646400
931,17.7,0.82,360,2.169,242400
932,17,0.84,360,1.841,0
933,16.6,0.88,360,1.334,0
934,16.7,0.86,360,0.65,0
935,15.2,0.92,360,0.889,0
936,14.4,0.96,360,0.776,0
937,13.8,0.99,360,0.723,0
938,13.5,1,360,0.888,0
939,13.5,1,360,0.713,0
940,13.6,1,360,1.125,80800
941,14.4,0.98,360,1.135,444400
942,15.2,0.94,360,0.408,727200
943,15.6,0.91,360,0.433,969600
944,16.5,0.87,360,0.584,1414000
945,16.3,0.89,360,0.501,1252400
946,18.4,0.76,360,1.362,2666400
947,19.1,0.61,360,2.227,3595600
948,16.6,0.82,360,2.153,1737200
949,16.1,0.86,360,2.656,1373600
950,15.2,0.93,360,2.075,1010000
951,15.1,0.97,360,2.24,767600
952,14.4,0.94,360,1.408,565600
953,13.9,0.97,360,1.63,242400
954,13.6,0.97,360,1.373,161600
955,13,0.96,360,0.862,40400
956,12.9,0.99,360,0.697,0
957,13,1,360,0.23,0
958,13,1,360,0.504,0
959,12.8,1,360,0.873,0
960,13,1,360,1.255,0
961,13.1,1,360,1.439,0
